employer_name;reviews_count;culture_count;salaries_count;benefits_count;employer_website;employer_headquarters;employer_founded;employer_industry;employer_revenue;url;geral;cultura_e_valores;diversidade_e_inclusao;qualidade_de_vida;alta_lideranca;remuneracao_e_beneficios;oportunidades_de_carreira;recomendam_para_outras_pessoas_percent;perspectiva_positiva_da_empresa_percent;cnpj;nome;match_percent
Apex Group;450;281;592;74;http://www.apexgroup.com;Hamilton, Bermuda;2003.0;/Explorar/melhores-gestão-de-ativos-e-investimentos-empresas_II.9,41_IIND200146.htm;Mais de US$ 10 bilhões;https://www.glassdoor.com.br/Vis%C3%A3o-geral/Trabalhar-na-Apex-Group-EI_IE764729.13,23.htm;3.2;2.9;3.5;3.0;2.9;2.7;3.2;52.0;53.0;655522;APE POUPEX;70
Banco Alfa;175;74;271;105;http://www.alfanet.com.br;São Paulo, Brasil;1925.0;/Explorar/melhores-serviços-bancários-e-de-crédito-empresas_II.9,40_IIND200048.htm;Desconhecida/não se aplica;https://www.glassdoor.com.br/Vis%C3%A3o-geral/Trabalhar-na-Banco-Alfa-EI_IE817306.13,23.htm;3.5;3.2;3.2;3.1;2.8;3.8;2.7;68.0;47.0;58160789;SAFRA;67
China Construction Bank;871;194;720;240;http://www.ccb.com;Pequim, China;;/Explorar/melhores-serviços-bancários-e-de-crédito-empresas_II.9,40_IIND200048.htm;Mais de US$ 10 bilhões;https://www.glassdoor.com.br/Vis%C3%A3o-geral/Trabalhar-na-China-Construction-Bank-EI_IE12617.13,36.htm;3.4;3.0;3.0;3.4;2.9;3.5;2.8;54.0;42.0;7450604;CHINA CONSTRUCTION BANK (BRASIL) BANCO MULTIPLO S/;77
Mercedes-Benz Mobility;282;90;513;118;https://www.mercedes-benz-mobility.com/de/karriere/;Estugarda, Alemanha;1990.0;/Explorar/melhores-serviços-bancários-e-de-crédito-empresas_II.9,40_IIND200048.htm;Mais de US$ 10 bilhões;https://www.glassdoor.com.br/Vis%C3%A3o-geral/Trabalhar-na-Mercedes-Benz-Mobility-EI_IE38563.13,35.htm;4.1;4.1;4.0;4.4;3.7;4.0;3.6;87.0;51.0;60814191;MERCEDES-BENZ;73
Sumitomo Mitsui Financial Group;903;246;1300;290;http://www.smfg.co.jp;Tóquio, Japão;1996.0;/Explorar/melhores-gestão-de-ativos-e-investimentos-empresas_II.9,41_IIND200146.htm;Mais de US$ 10 bilhões;https://www.glassdoor.com.br/Vis%C3%A3o-geral/Trabalhar-na-Sumitomo-Mitsui-Financial-Group-EI_IE256138.13,44.htm;3.4;3.2;3.3;3.4;3.1;3.3;3.1;56.0;53.0;60518222;BANCO SUMITOMO MITSUI BRASIL S.A.;65
BNP Paribas;13000;4100;20000;3600;http://www.group.bnpparibas;Paris, França;2000.0;/Explorar/melhores-serviços-bancários-e-de-crédito-empresas_II.9,40_IIND200048.htm;Mais de US$ 10 bilhões;https://www.glassdoor.com.br/Vis%C3%A3o-geral/Trabalhar-na-BNP-Paribas-EI_IE10342.13,24.htm;3.8;3.7;4.0;3.8;3.4;3.4;3.5;77.0;63.0;S3;BNP PARIBAS;100
BTG Pactual;1600;683;2800;635;http://www.btgpactual.com;São Paulo, Brasil;;/Explorar/melhores-gestão-de-ativos-e-investimentos-empresas_II.9,41_IIND200146.htm;Desconhecida/não se aplica;https://www.glassdoor.com.br/Vis%C3%A3o-geral/Trabalhar-na-BTG-Pactual-EI_IE411540.13,24.htm;4.0;3.7;3.5;2.8;3.7;4.4;4.2;78.0;73.0;S1;BTG PACTUAL;100
Banco Alfa;175;74;271;105;http://www.alfanet.com.br;São Paulo, Brasil;1925.0;/Explorar/melhores-serviços-bancários-e-de-crédito-empresas_II.9,40_IIND200048.htm;Desconhecida/não se aplica;https://www.glassdoor.com.br/Vis%C3%A3o-geral/Trabalhar-na-Banco-Alfa-EI_IE817306.13,23.htm;3.5;3.2;3.2;3.1;2.8;3.8;2.7;68.0;47.0;S3;ALFA;100
Banco BMG;445;232;704;277;http://www.bancobmg.com.br;São Paulo, Brasil;1930.0;/Explorar/melhores-serviços-bancários-e-de-crédito-empresas_II.9,40_IIND200048.htm;De US$ 1 a US$ 5 milhões;https://www.glassdoor.com.br/Vis%C3%A3o-geral/Trabalhar-na-Banco-BMG-EI_IE2482923.13,22.htm;4.1;3.9;4.1;3.7;3.6;4.2;3.5;79.0;63.0;S3;BMG;100
Banco Bradesco;11000;3300;19000;3200;http://www.bancobradesco.com.br;Osasco, Brasil;1943.0;/Explorar/melhores-serviços-bancários-e-de-crédito-empresas_II.9,40_IIND200048.htm;Mais de US$ 10 bilhões;https://www.glassdoor.com.br/Vis%C3%A3o-geral/Trabalhar-na-Banco-Bradesco-EI_IE10997.13,27.htm;4.2;3.8;3.9;3.4;3.4;4.3;3.8;81.0;66.0;S1;BRADESCO;100
Banco Daycoval;300;157;521;107;https://www.daycoval.com.br;São Paulo, Brasil;1971.0;/Explorar/melhores-serviços-bancários-e-de-crédito-empresas_II.9,40_IIND200048.htm;De US$ 25 a US$ 100 milhões;https://www.glassdoor.com.br/Vis%C3%A3o-geral/Trabalhar-na-Banco-Daycoval-EI_IE1480352.13,27.htm;4.0;3.7;3.6;3.4;3.3;4.1;3.4;78.0;72.0;S3;BANCO DAYCOVAL S.A;100
Banco Fibra;119;41;172;37;http://www.bancofibra.com.br;São Paulo, Brasil;;/Explorar/melhores-serviços-bancários-e-de-crédito-empresas_II.9,40_IIND200048.htm;Desconhecida/não se aplica;https://www.glassdoor.com.br/Vis%C3%A3o-geral/Trabalhar-na-Banco-Fibra-EI_IE744986.13,24.htm;4.3;4.3;4.3;3.8;3.7;4.2;3.6;87.0;84.0;S3;BANCO FIBRA S.A.;100
Banco Original;651;286;1100;261;http://www.original.com.br;São Paulo, Brasil;2016.0;/Explorar/melhores-serviços-bancários-e-de-crédito-empresas_II.9,40_IIND200048.htm;Desconhecida/não se aplica;https://www.glassdoor.com.br/Vis%C3%A3o-geral/Trabalhar-na-Banco-Original-EI_IE1026577.13,27.htm;3.8;3.4;3.5;3.4;3.1;4.0;3.3;71.0;53.0;S3;ORIGINAL;100
Banco PAN;1100;520;1700;493;http://www.bancopan.com.br;São Paulo, Brasil;2011.0;/Explorar/melhores-serviços-bancários-e-de-crédito-empresas_II.9,40_IIND200048.htm;Desconhecida/não se aplica;https://www.glassdoor.com.br/Vis%C3%A3o-geral/Trabalhar-na-Banco-PAN-EI_IE1184444.13,22.htm;4.4;4.2;4.4;3.9;3.9;4.6;4.0;91.0;79.0;S3;PAN;100
Banco Pine;121;45;216;63;http://www.pine.com;São Paulo, Brasil;1997.0;/Explorar/melhores-serviços-bancários-e-de-crédito-empresas_II.9,40_IIND200048.htm;Desconhecida/não se aplica;https://www.glassdoor.com.br/Vis%C3%A3o-geral/Trabalhar-na-Banco-Pine-EI_IE1086238.13,23.htm;3.8;3.5;3.5;3.4;3.0;3.9;3.5;71.0;50.0;S3;PINE;100
Banco Votorantim;1400;563;2100;574;http://www.bancobv.com.br;São Paulo, Brasil;1991.0;/Explorar/melhores-gestão-de-ativos-e-investimentos-empresas_II.9,41_IIND200146.htm;Desconhecida/não se aplica;https://www.glassdoor.com.br/Vis%C3%A3o-geral/Trabalhar-na-banco-BV-EI_IE333951.13,21.htm;4.4;4.3;4.4;4.1;3.9;4.6;3.9;93.0;79.0;S2;VOTORANTIM;100
Banco do Brasil;5000;1100;9200;1200;https://www.bb.com.br;Brasília, Brasil;1808.0;/Explorar/melhores-serviços-bancários-e-de-crédito-empresas_II.9,40_IIND200048.htm;Desconhecida/não se aplica;https://www.glassdoor.com.br/Vis%C3%A3o-geral/Trabalhar-na-Banco-do-Brasil-EI_IE3945.13,28.htm;4.3;3.9;4.0;3.7;3.5;4.2;3.8;86.0;72.0;S1;BANCO DO BRASIL;100
Banco do Nordeste do Brasil;525;113;840;115;http://www.bnb.gov.br;Fortaleza, Brasil;;/Explorar/melhores-gestão-de-ativos-e-investimentos-empresas_II.9,41_IIND200146.htm;Desconhecido/Não se aplica;https://www.glassdoor.com.br/Vis%C3%A3o-geral/Trabalhar-na-Banco-do-Nordeste-do-Brasil-EI_IE436304.13,40.htm;4.5;4.4;4.3;4.3;4.1;4.2;4.0;90.0;83.0;S2;BANCO DO NORDESTE DO BRASIL S.A.;100
Bank Of Tokyo-Mitsubishi UFJ;770;150;1100;228;http://www.bk.mufg.jp/global;Tóquio, Japão;1919.0;/Explorar/melhores-gestão-de-ativos-e-investimentos-empresas_II.9,41_IIND200146.htm;Mais de US$ 10 bilhões;https://www.glassdoor.com.br/Vis%C3%A3o-geral/Trabalhar-na-Bank-Of-Tokyo-Mitsubishi-UFJ-EI_IE240039.13,41.htm;3.6;3.6;3.5;3.4;3.3;3.6;3.3;65.0;43.0;S3;BANCO TOKYO-MITSUBISHI BM S.A.;80
Banrisul;1000;155;1700;127;http://www.banrisul.com.br;Porto Alegre, Brasil;;/Explorar/melhores-serviços-bancários-e-de-crédito-empresas_II.9,40_IIND200048.htm;De US$ 25 a US$ 100 milhões;https://www.glassdoor.com.br/Vis%C3%A3o-geral/Trabalhar-na-Banrisul-EI_IE678973.13,21.htm;4.2;3.6;3.8;3.7;3.4;4.1;3.3;84.0;59.0;S2;BANRISUL;100
Caixa Econômica Federal;4000;717;7300;857;http://www.caixa.gov.br;BRASILIA, Brasil;;/Explorar/melhores-serviços-bancários-e-de-crédito-empresas_II.9,40_IIND200048.htm;Desconhecida/não se aplica;https://www.glassdoor.com.br/Vis%C3%A3o-geral/Trabalhar-na-Caixa-Econ%C3%B4mica-Federal-EI_IE41924.13,36.htm;4.4;3.8;4.2;3.7;3.5;4.3;3.9;86.0;72.0;S1;CAIXA ECONOMICA FEDERAL;98
Citi;31000;8900;52000;9900;http://www.citigroup.com;New York, Estados Unidos;1812.0;/Explorar/melhores-gestão-de-ativos-e-investimentos-empresas_II.9,41_IIND200146.htm;Mais de US$ 10 bilhões;https://www.glassdoor.com.br/citi;3.9;3.8;4.1;3.5;3.5;3.8;3.9;76.0;68.0;S2;CITIBANK;100
Credit Suisse;11000;3400;22000;2900;http://www.credit-suisse.com;Zurique, Suíça;1856.0;/Explorar/melhores-gestão-de-ativos-e-investimentos-empresas_II.9,41_IIND200146.htm;Mais de US$ 10 bilhões;https://www.glassdoor.com.br/Vis%C3%A3o-geral/Trabalhar-na-Credit-Suisse-EI_IE3141.13,26.htm;3.8;3.8;4.1;3.9;3.3;3.6;3.7;68.0;34.0;S2;CREDIT SUISSE;100
Deutsche Bank;12000;3200;21000;3100;https://careers.db.com/;Frankfurt am Main, Alemanha;1870.0;/Explorar/melhores-serviços-bancários-e-de-crédito-empresas_II.9,40_IIND200048.htm;Mais de US$ 10 bilhões;https://www.glassdoor.com.br/Vis%C3%A3o-geral/Trabalhar-na-Deutsche-Bank-EI_IE3150.13,26.htm;3.9;3.8;4.0;3.8;3.5;3.6;3.7;78.0;70.0;S3;DEUTSCHE;100
Goldman Sachs;17000;4400;36000;4100;http://www.goldmansachs.com;New York, Estados Unidos;1869.0;/Explorar/melhores-gestão-de-ativos-e-investimentos-empresas_II.9,41_IIND200146.htm;Mais de US$ 10 bilhões;https://www.glassdoor.com.br/Vis%C3%A3o-geral/Trabalhar-na-Goldman-Sachs-EI_IE2800.13,26.htm;3.9;3.7;4.0;2.9;3.5;3.8;4.0;72.0;63.0;S3;GOLDMAN SACHS;100
ING;4500;1500;7600;1100;http://www.ing.com/en.htm;Amsterdão, Países Baixos;1900.0;/Explorar/melhores-gestão-de-ativos-e-investimentos-empresas_II.9,41_IIND200146.htm;De US$ 5 a US$ 25 milhões;https://www.glassdoor.com.br/Vis%C3%A3o-geral/Trabalhar-na-ING-EI_IE4264.13,16.htm;4.1;4.1;4.2;4.1;3.6;3.8;3.8;83.0;73.0;S3;ING;100
Itau;22000;7500;38000;7500;http://www.itau.com.br;São Paulo, Brasil;1903.0;/Explorar/melhores-serviços-bancários-e-de-crédito-empresas_II.9,40_IIND200048.htm;Mais de US$ 10 bilhões;https://www.glassdoor.com.br/Vis%C3%A3o-geral/Trabalhar-na-Ita%C3%BA-Unibanco-Ita%C3%BA-BBA-e-Rede-EI_IE10999.13,42.htm;4.5;4.3;4.4;3.9;4.0;4.6;4.2;91.0;82.0;S1;ITAU;100
JPMorgan Chase & Co;22000;8800;65000;9600;https://www.jpmorganchase.com/;New York, Estados Unidos;1799.0;/Explorar/melhores-serviços-bancários-e-de-crédito-empresas_II.9,40_IIND200048.htm;Mais de US$ 10 bilhões;https://www.glassdoor.com.br/Vis%C3%A3o-geral/Trabalhar-na-JPMorgan-Chase-and-Co-EI_IE5224839.13,34.htm;4.0;4.0;4.2;3.6;3.6;3.9;4.0;80.0;76.0;S3;JP MORGAN CHASE;88
Merrill Lynch;5600;1200;9900;1200;http://www.ml.com;New York, Estados Unidos;1820.0;/Explorar/melhores-gestão-de-ativos-e-investimentos-empresas_II.9,41_IIND200146.htm;Mais de US$ 10 bilhões;https://www.glassdoor.com.br/Vis%C3%A3o-geral/Trabalhar-na-Merrill-Lynch-EI_IE440.13,26.htm;3.8;3.6;3.9;3.5;3.5;3.8;3.8;66.0;61.0;S3;BOFA MERRILL LYNCH;84
Morgan Stanley;17000;4600;33000;4800;http://www.morganstanley.com;New York, Estados Unidos;1935.0;/Explorar/melhores-gestão-de-ativos-e-investimentos-empresas_II.9,41_IIND200146.htm;Mais de US$ 10 bilhões;https://www.glassdoor.com.br/Vis%C3%A3o-geral/Trabalhar-na-Morgan-Stanley-EI_IE2282.13,27.htm;4.0;4.0;4.1;3.6;3.7;3.7;3.9;81.0;76.0;S3;MORGAN STANLEY;100
Santander;17000;5900;29000;5100;http://www.santandercareers.com;Madrid, Espanha;1856.0;/Explorar/melhores-serviços-bancários-e-de-crédito-empresas_II.9,40_IIND200048.htm;Mais de US$ 10 bilhões;https://www.glassdoor.com.br/Vis%C3%A3o-geral/Trabalhar-na-Santander-EI_IE828048.13,22.htm;3.9;3.7;4.0;3.4;3.4;4.0;3.8;75.0;65.0;S1;SANTANDER;100
Sicredi;2900;1300;4800;1100;http://www.sicredi.com.br;Porto Alegre, Brasil;1903.0;/Explorar/melhores-serviços-bancários-e-de-crédito-empresas_II.9,40_IIND200048.htm;Mais de US$ 10 bilhões;https://www.glassdoor.com.br/Vis%C3%A3o-geral/Trabalhar-na-Sicredi-EI_IE661772.13,20.htm;4.4;4.4;4.2;4.3;3.9;4.1;4.1;89.0;80.0;S3;SICREDI;100
Société Générale;11000;3400;16000;2800;http://www.societegenerale.com;Paris, França;1864.0;/Explorar/melhores-gestão-de-ativos-e-investimentos-empresas_II.9,41_IIND200146.htm;Mais de US$ 10 bilhões;https://www.glassdoor.com.br/Vis%C3%A3o-geral/Trabalhar-na-Soci%C3%A9t%C3%A9-G%C3%A9n%C3%A9rale-EI_IE10350.13,29.htm;3.7;3.7;3.9;3.9;3.3;3.3;3.5;75.0;55.0;S3;SOCIETE GENERALE;86
Votorantim;608;177;1000;200;http://www.votorantim.com.br;São Paulo, Brasil;1918.0;/Explorar/melhores-gestão-de-ativos-e-investimentos-empresas_II.9,41_IIND200146.htm;Desconhecida/não se aplica;https://www.glassdoor.com.br/Vis%C3%A3o-geral/Trabalhar-na-Votorantim-EI_IE42662.13,23.htm;4.1;4.2;4.2;3.8;3.7;3.3;3.8;85.0;79.0;S2;VOTORANTIM;100
Apex Group;432;271;561;74;http://www.apexgroup.com;Hamilton, Bermuda;2003.0;/Explorar/melhores-gestão-de-ativos-e-investimentos-empresas_II.9,41_IIND200146.htm;Mais de US$ 10 bilhões;https://www.glassdoor.com.br/Vis%C3%A3o-geral/Trabalhar-na-Apex-Group-EI_IE764729.13,23.htm;3.2;2.9;3.4;3.0;2.9;2.7;3.2;50.0;52.0;S3;APE POUPEX;70
China Construction Bank;871;194;720;240;http://www.ccb.com;Pequim, China;;/Explorar/melhores-serviços-bancários-e-de-crédito-empresas_II.9,40_IIND200048.htm;Mais de US$ 10 bilhões;https://www.glassdoor.com.br/Vis%C3%A3o-geral/Trabalhar-na-China-Construction-Bank-EI_IE12617.13,36.htm;3.4;3.0;2.9;3.4;2.9;3.5;2.8;54.0;42.0;S3;CHINA CONSTRUCTION BANK (BRASIL) BANCO MULTIPLO S/;77
J.P. Morgan;859;322;1600;227;http://www.jpmorgan.com;New York, Estados Unidos;1799.0;/Explorar/melhores-gestão-de-ativos-e-investimentos-empresas_II.9,41_IIND200146.htm;Mais de US$ 10 bilhões;https://www.glassdoor.com.br/Vis%C3%A3o-geral/Trabalhar-na-J-P-Morgan-EI_IE145.13,23.htm;4.1;4.0;4.2;3.5;3.7;3.9;4.0;82.0;77.0;S3;JP MORGAN CHASE;75
Mercedes-Benz Mobility;282;90;513;118;https://www.mercedes-benz-mobility.com/de/karriere/;Estugarda, Alemanha;1990.0;/Explorar/melhores-serviços-bancários-e-de-crédito-empresas_II.9,40_IIND200048.htm;Mais de US$ 10 bilhões;https://www.glassdoor.com.br/Vis%C3%A3o-geral/Trabalhar-na-Mercedes-Benz-Mobility-EI_IE38563.13,35.htm;4.1;4.1;4.0;4.4;3.8;4.0;3.6;86.0;56.0;S3;MERCEDES-BENZ;73
Sumitomo Mitsui Financial Group;903;246;1300;290;http://www.smfg.co.jp;Tóquio, Japão;1996.0;/Explorar/melhores-gestão-de-ativos-e-investimentos-empresas_II.9,41_IIND200146.htm;Mais de US$ 10 bilhões;https://www.glassdoor.com.br/Vis%C3%A3o-geral/Trabalhar-na-Sumitomo-Mitsui-Financial-Group-EI_IE256138.13,44.htm;3.4;3.3;3.2;3.4;3.1;3.3;3.1;56.0;54.0;S3;BANCO SUMITOMO MITSUI BRASIL S.A.;65
2021;3;Demais bancos e financeiras;Conglomerado; ;ABC-BRASIL (conglomerado); ;1;2;1;4;29707;28217;4009;
2021;3;Demais bancos e financeiras;Conglomerado; ;AGIBANK (conglomerado);82,54;109;296;107;512;1320447;999951;873341;
2021;3;Demais bancos e financeiras;Banco/financeira;36321990;AGORACRED S/A SOCIEDADE DE CRDITO, FINANCIAMENTO E INVESTIMENTO; ;3;1;2;6;453405;130;453275;
2021;3;Demais bancos e financeiras;Banco/financeira;27214112;AL5 S.A. CRDITO, FINANCIAMENTO E INVESTIMENTO; ;4;0;6;10;18217;9981;11683;
2021;3;Demais bancos e financeiras;Conglomerado; ;ALFA (conglomerado); ;13;61;11;85;420486;268221;153423;
2021;3;Demais bancos e financeiras;Conglomerado; ;ANDBANK (conglomerado); ;0;3;3;6;4369;4369;48;
2021;3;Demais bancos e financeiras;Banco/financeira;03532415;BANCO ABN AMRO S.A.; ;0;0;1;1;41;41;1;
2021;3;Demais bancos e financeiras;Banco/financeira;54403563;BANCO ARBI S.A.; ;1;9;1;11;28673;20319;8520;
2021;3;Demais bancos e financeiras;Banco/financeira;33132044;BANCO CEDULA S.A.; ;0;1;0;1;18022;2815;15434;
2021;3;Demais bancos e financeiras;Banco/financeira;02992446;BANCO CNH INDUSTRIAL CAPITAL S.A.; ;0;0;1;1;28309;1234;27347;
2021;3;Demais bancos e financeiras;Banco/financeira;08357240;BANCO CSF S.A.;14,94;111;89;59;259;7425297; ;7425297;
2021;3;Demais bancos e financeiras;Banco/financeira;04902979;BANCO DA AMAZONIA S.A.; ;2;4;8;14;551874;473802;194373;
2021;3;Demais bancos e financeiras;Banco/financeira;10690848;BANCO DA CHINA BRASIL S.A.; ;1;0;0;1;481;457;39;
2021;3;Demais bancos e financeiras;Banco/financeira;33042151;BANCO DE LA NACION ARGENTINA; ;0;1;0;1;256;244;21;
2021;3;Demais bancos e financeiras;Banco/financeira;92874270;BANCO DIGIMAIS S.A.;258,94;102;28;34;164;393906;266246;192853;
2021;3;Demais bancos e financeiras;Banco/financeira;27098060;BANCO DIGIO S.A.;31,05;58;108;71;237;1867547;1096662;1553737;
2021;3;Demais bancos e financeiras;Banco/financeira;13009717;BANCO DO ESTADO DE SERGIPE S.A.; ;10;23;17;50;1082245;831407;621508;
2021;3;Demais bancos e financeiras;Banco/financeira;04913711;BANCO DO ESTADO DO PAR S.A.;42,87;39;23;23;85;909670;786497;405982;
2021;3;Demais bancos e financeiras;Banco/financeira;07237373;BANCO DO NORDESTE DO BRASIL S.A.; ;13;23;37;73;8844660;8261233;3268835;
2021;3;Demais bancos e financeiras;Banco/financeira;58616418;BANCO FIBRA S.A.; ;0;0;1;1;163670;4092;160152;
2021;3;Demais bancos e financeiras;Banco/financeira;62237425;BANCO FIDIS S/A; ;0;7;4;11;4661;147;4533;
2021;3;Demais bancos e financeiras;Banco/financeira;53518684;BANCO HSBC S.A.; ;0;0;2;2;3087;3074;58;
2021;3;Demais bancos e financeiras;Banco/financeira;04866275;BANCO INBURSA S.A.; ;5;5;5;15;14726;9;14717;
2021;3;Demais bancos e financeiras;Banco/financeira;78632767;BANCO OURINVEST S.A.; ;5;2;0;7;50060;47319;2771;
2021;3;Demais bancos e financeiras;Banco/financeira;61820817;BANCO PAULISTA S.A.; ;1;0;2;3;28238;7793;20692;
2021;3;Demais bancos e financeiras;Banco/financeira;00795423;BANCO SEMEAR S.A.; ;2;2;0;4;270979;3638;267795;
2021;3;Demais bancos e financeiras;Banco/financeira;11970623;BANCO SENFF S.A.; ;1;4;1;6;109166;40042;70102;
2021;3;Demais bancos e financeiras;Conglomerado; ;BANCO SICOOB (conglomerado); ;21;26;6;53;5047970;2390217;3240987;
2021;3;Demais bancos e financeiras;Banco/financeira;07679404;BANCO TOPZIO S.A.; ;4;5;2;11;43686;15291;30304;
2021;3;Demais bancos e financeiras;Banco/financeira;03215790;BANCO TOYOTA DO BRASIL S.A.; ;1;4;3;8;155981;15264;141643;
2021;3;Demais bancos e financeiras;Banco/financeira;17351180;BANCO TRIANGULO S.A.; ;10;15;6;31;2025332;439855;1847196;
2021;3;Demais bancos e financeiras;Conglomerado; ;BANESTES (conglomerado); ;17;35;21;73;1345235;1295217;477798;
2021;3;Demais bancos e financeiras;Conglomerado; ;BANRISUL (conglomerado);37,68;190;550;115;855;5041288;3714546;3937433;
2021;3;Demais bancos e financeiras;Conglomerado; ;BARIGUI (conglomerado); ;19;32;21;72;172348;144592;45355;
2021;3;Top 10 - Bancos e Financeiras;Conglomerado; ;BB (conglomerado);16,79;1180;2361;2288;5829;70259170;65432728;31696455;
2021;3;Demais bancos e financeiras;Banco/financeira;45283173;BBVA BRASIL BANCO DE INVESTIMENTO S.A.; ;0;0;1;1;0;0;0;
2021;3;Demais bancos e financeiras;Banco/financeira;11285104;BIORC FINANCEIRA - CRDITO, FINANCIAMENTO E INVESTIMENTO S.A.; ;0;0;1;1;18321;251;18070;
2021;3;Demais bancos e financeiras;Conglomerado; ;BMG (conglomerado);106,63;868;1268;262;2398;8140173;4751592;5008921;
2021;3;Demais bancos e financeiras;Conglomerado; ;BMW (conglomerado); ;0;0;1;1;28019;25950;21412;
2021;3;Demais bancos e financeiras;Conglomerado; ;BNP PARIBAS (conglomerado);125,22;286;493;117;896;2283925;11993;2272412;
2021;3;Demais bancos e financeiras;Conglomerado; ;BOFA MERRILL LYNCH (conglomerado); ;0;1;1;2;4782;4777;107;
2021;3;Top 10 - Bancos e Financeiras;Conglomerado; ;BRADESCO (conglomerado);36,03;3613;4188;2892;10693;100264792;91440415;43363537;
2021;3;Demais bancos e financeiras;Conglomerado; ;BRB (conglomerado);50,95;148;197;351;696;2904792;2790333;1380307;
2021;3;Demais bancos e financeiras;Banco/financeira;12865507;BRK S.A. CRDITO, FINANCIAMENTO E INVESTIMENTO; ;0;0;1;1;6482;715;5970;
2021;3;Top 10 - Bancos e Financeiras;Conglomerado; ;BTG PACTUAL/BANCO PAN (conglomerado);65,83;1004;1372;685;3061;15250442;9574292;7935699;
2021;3;Top 10 - Bancos e Financeiras;Conglomerado; ;C6 BANK (conglomerado);149,45;1651;1425;749;3825;11046743;9885015;3341379;
2021;3;Top 10 - Bancos e Financeiras;Conglomerado; ;CAIXA ECONMICA FEDERAL (conglomerado);22,36;3264;4303;4305;11872;145914729;144407266;23490184;
2021;3;Demais bancos e financeiras;Banco/financeira;09313766;CARUANA S.A. - SOCIEDADE DE CRDITO, FINANCIAMENTO E INVESTIMENTO; ;2;2;3;7;76719;70930;16272;
2021;3;Demais bancos e financeiras;Conglomerado; ;CCB (conglomerado); ;24;122;14;160;205490;3702;202355;
2021;3;Demais bancos e financeiras;Conglomerado; ;CITIBANK (conglomerado); ;1;5;6;12;18294;17394;1809;
2021;3;Demais bancos e financeiras;Conglomerado; ;COLOMBO (conglomerado); ;2;4;0;6;345089;30;345072;
2021;3;Demais bancos e financeiras;Conglomerado; ;CREFISA (conglomerado);24,02;64;133;57;254;2663580;1577219;1594966;
2021;3;Demais bancos e financeiras;Conglomerado; ;DAYCOVAL (conglomerado);255,32;332;552;63;947;1300297;160302;1173219;
2021;3;Demais bancos e financeiras;Banco/financeira;15581638;FACTA FINANCEIRA S.A. - CRDITO FINANCIAMENTO E INVESTIMENTO;458,43;131;272;25;428;285752;681;285077;
2021;3;Demais bancos e financeiras;Conglomerado; ;FATOR (conglomerado); ;0;0;1;1;13744;13740;19;
2021;3;Demais bancos e financeiras;Banco/financeira;36583700;FC FINANCEIRA S.A. - CRDITO, FINANCIAMENTO E INVESTIMENTO; ;1;1;0;2;11153; ;11153;
2021;3;Demais bancos e financeiras;Banco/financeira;00411939;FINAMAX S.A. - CREDITO, FINANCIAMENTO E INVESTIMENTO; ;0;1;4;5;85526;1653;83930;
2021;3;Demais bancos e financeiras;Conglomerado; ;GENIAL (conglomerado); ;10;3;1;14;208540;208535;44;
2021;3;Demais bancos e financeiras;Conglomerado; ;GM (conglomerado); ;1;10;9;20;274480;483;274083;
2021;3;Demais bancos e financeiras;Conglomerado; ;GRUPO BONSUCESSO - BS2 (conglomerado);95,86;86;136;55;277;897134;892175;16308;
2021;3;Demais bancos e financeiras;Conglomerado; ;GRUPO ZEMA (conglomerado); ;1;4;4;9;461496;577;460937;
2021;3;Demais bancos e financeiras;Conglomerado; ;HERVAL - HS (conglomerado); ;10;1;3;14;219957;22813;202041;
2021;3;Demais bancos e financeiras;Conglomerado; ;HONDA (conglomerado); ;5;7;7;19;428225;106;428199;
2021;3;Demais bancos e financeiras;Banco/financeira;17453575;ICBC DO BRASIL BANCO MLTIPLO S.A.; ;0;1;0;1;187;175;24;
2021;3;Demais bancos e financeiras;Conglomerado; ;INDUSTRIAL DO BRASIL (conglomerado); ;10;18;4;32;63911;4519;60187;
2021;3;Top 10 - Bancos e Financeiras;Conglomerado; ;INTER (conglomerado);55,99;746;732;298;1776;13323223;13217210;1954815;
2021;3;Top 10 - Bancos e Financeiras;Conglomerado; ;ITAU (conglomerado);15,05;1318;3194;2338;6850;87568455;68959837;50906457;
2021;3;Demais bancos e financeiras;Banco/financeira;04230630;JBCRED S.A. SOCIEDADE DE CREDITO, FINANCIAMENTO E INVESTIMENTO; ;0;6;1;7;52001; ;52001;
2021;3;Demais bancos e financeiras;Banco/financeira;11271860;LEBES FINANCEIRA S.A. - CRDITO, FINANCIAMENTO E INVESTIMENTO; ;1;2;0;3;249991;4;249987;
2021;3;Demais bancos e financeiras;Conglomerado; ;LECCA (conglomerado); ;3;4;2;9;27668;330;27340;
2021;3;Demais bancos e financeiras;Banco/financeira;07747410;M PAGAMENTOS S.A. - CRDITO FINANCIAMENTO E INVESTIMENTO; ;3;6;5;14;626141; ;626141;
2021;3;Demais bancos e financeiras;Conglomerado; ;MASTER (conglomerado);2.055,01;223;77;17;317;108515;5657;103039;
2021;3;Demais bancos e financeiras;Conglomerado; ;MERCADO CRDITO (conglomerado); ;0;0;1;1;47984; ;47984;
2021;3;Demais bancos e financeiras;Conglomerado; ;MERCANTIL DO BRASIL (conglomerado);122,14;467;228;106;801;3823232;3235072;1856560;
2021;3;Demais bancos e financeiras;Conglomerado; ;MERCEDES-BENZ (conglomerado); ;0;1;1;2;20203;341;19944;
2021;3;Demais bancos e financeiras;Banco/financeira;09464032;MIDWAY S.A. - CRDITO, FINANCIAMENTO E INVESTIMENTO; ;22;102;52;176;10572319;286354;10523154;
2021;3;Demais bancos e financeiras;Conglomerado; ;MODAL (conglomerado); ;21;31;8;60;1304283;1304119;33167;
2021;3;Demais bancos e financeiras;Banco/financeira;04379829;NEGRESCO S.A. - CREDITO, FINANCIAMENTO E INVESTIMENTOS; ;0;1;0;1;434448;677;433771;
2021;3;Demais bancos e financeiras;Banco/financeira;74828799;NOVO BANCO CONTINENTAL S.A. - BANCO MLTIPLO; ;5;29;0;34;99651;3135;96953;
2021;3;Top 10 - Bancos e Financeiras;Conglomerado; ;NUBANK (conglomerado);0,13;3;18;17;38;22267718;20581767;3601628;
2021;3;Demais bancos e financeiras;Conglomerado; ;OMNI (conglomerado); ;17;60;67;144;5281196;165744;5129818;
2021;3;Demais bancos e financeiras;Conglomerado; ;ORIGINAL (conglomerado);47,03;265;369;212;846;5634279;4365122;2051035;
2021;3;Demais bancos e financeiras;Conglomerado; ;PAGBANK-PAGSEGURO (conglomerado); ;5;4;2;11;3342281;3335727;7063;
2021;3;Demais bancos e financeiras;Conglomerado; ;PARAN BANCO (conglomerado);193,45;94;412;20;526;485895;10034;476123;
2021;3;Demais bancos e financeiras;Banco/financeira;03311443;PARATI - CREDITO, FINANCIAMENTO E INVESTIMENTO S.A.;14.015,05;54;21;1;76;3853; ;3853;
2021;3;Demais bancos e financeiras;Banco/financeira;43180355;PEFISA S.A. - CRDITO, FINANCIAMENTO E INVESTIMENTO;12,79;87;59;22;168;6798337;6588214;2507474;
2021;3;Demais bancos e financeiras;Conglomerado; ;PINE (conglomerado); ;3;3;0;6;12869;10925;2618;
2021;3;Demais bancos e financeiras;Conglomerado; ;PORTO SEGURO (conglomerado);18,21;55;69;62;186;3019992; ;3019992;
2021;3;Demais bancos e financeiras;Banco/financeira;01800019;PORTOCRED S.A. - CREDITO, FINANCIAMENTO E INVESTIMENTO; ;19;32;17;68;225158;1;225157;
2021;3;Demais bancos e financeiras;Banco/financeira;27351731;REALIZE CRDITO, FINANCIAMENTO E INVESTIMENTO S.A.; ;10;39;21;70;4873514;51;4873489;
2021;3;Demais bancos e financeiras;Conglomerado; ;RENDIMENTO (conglomerado); ;1;10;1;12;26068;22168;6473;
2021;3;Demais bancos e financeiras;Conglomerado; ;RODOBENS (conglomerado); ;1;1;1;3;14845;1609;13625;
2021;3;Demais bancos e financeiras;Conglomerado; ;SAFRA (conglomerado);103,36;442;932;408;1782;4276210;1938760;2638051;
2021;3;Demais bancos e financeiras;Banco/financeira;05503849;SANTANA S.A. - CRDITO, FINANCIAMENTO E INVESTIMENTO; ;0;1;0;1;29858;1259;28602;
2021;3;Top 10 - Bancos e Financeiras;Conglomerado; ;SANTANDER (conglomerado);29,19;1558;3646;2031;7235;53358153;45593473;25859687;
2021;3;Demais bancos e financeiras;Banco/financeira;00122327;SANTINVEST S.A. - CREDITO, FINANCIAMENTO E INVESTIMENTOS; ;1;4;0;5;14007;592;13415;
2021;3;Demais bancos e financeiras;Conglomerado; ;SICREDI (conglomerado); ;0;0;2;2;6101332;6080485;187051;
2021;3;Demais bancos e financeiras;Conglomerado; ;SIMPALA (conglomerado); ;1;0;1;2;2883;25;2858;
2021;3;Demais bancos e financeiras;Conglomerado; ;SOCIETE GENERALE (conglomerado); ;0;1;0;1;534;418;159;
2021;3;Demais bancos e financeiras;Banco/financeira;03881423;SOCINAL S.A. - CRDITO, FINANCIAMENTO E INVESTIMENTO; ;1;3;7;11;2088;460;1628;
2021;3;Demais bancos e financeiras;Conglomerado; ;SOFISA (conglomerado);90,68;37;21;19;77;407986;398001;17484;
2021;3;Demais bancos e financeiras;Conglomerado; ;SOROCRED (conglomerado); ;14;28;10;52;248801;1076;247735;
2021;3;Demais bancos e financeiras;Banco/financeira;41498340;TENTOS S.A. CRDITO, FINANCIAMENTO E INVESTIMENTO; ;1;0;0;1;129; ;129;
2021;3;Demais bancos e financeiras;Banco/financeira;09473806;TODESCREDI S/A - CRDITO, FINANCIAMENTO E INVESTIMENTO; ;0;0;1;1;37627;11;37616;
2021;3;Demais bancos e financeiras;Banco/financeira;05192316;VIA CERTA FINANCIADORA S.A. - CRDITO, FINANCIAMENTO E INVESTIMENTOS; ;2;3;1;6;405846;1385;404867;
2021;3;Demais bancos e financeiras;Conglomerado; ;VOITER (conglomerado); ;1;2;2;5;5059;4490;841;
2021;3;Demais bancos e financeiras;Conglomerado; ;VOLKSWAGEN (conglomerado); ;21;29;44;94;358084;945;357307;
2021;3;Demais bancos e financeiras;Conglomerado; ;VOLVO (conglomerado); ;0;1;0;1;7212;49;7204;
2021;3;Top 10 - Bancos e Financeiras;Conglomerado; ;VOTORANTIM (conglomerado);13,90;256;193;225;674;18414652;15132752;5084002;
2021;3;Demais bancos e financeiras;Conglomerado; ;WESTERN UNION (conglomerado); ;2;2;0;4;1;1; ;
2021;3;Demais bancos e financeiras;Banco/financeira;23862762;WILL FINANCEIRA S.A. CRDITO, FINANCIAMENTO E INVESTIMENTO;18,99;35;43;33;111;1842985;1842425;391779;
2021;3;Demais bancos e financeiras;Conglomerado; ;XP (conglomerado);138,80;42;6;10;58;302591;302459;231155;
2021;3;Demais bancos e financeiras;Conglomerado; ;YAMAHA MOTOR (conglomerado); ;2;2;11;15;210964;88;210884;
2021;4;Demais Bancos, Financeiras e Instituies de Pagamento;Conglomerado; ;ABC-BRASIL (conglomerado); ;2;0;3;5;33095;31565;4248;
2021;4;Demais Bancos, Financeiras e Instituies de Pagamento;Banco/financeira;13140088;ACESSO SOLUES DE PAGAMENTO S.A.;20,87;42;28;5;75;2011869;2011869; ;
2021;4;Demais Bancos, Financeiras e Instituies de Pagamento;Conglomerado; ;AGIBANK (conglomerado);195,92;309;334;76;719;1577152;1224075;996638;
2021;4;Demais Bancos, Financeiras e Instituies de Pagamento;Banco/financeira;36321990;AGORACRED S/A SOCIEDADE DE CRDITO, FINANCIAMENTO E INVESTIMENTO; ;2;2;1;5;473823;130;473693;
2021;4;Demais Bancos, Financeiras e Instituies de Pagamento;Banco/financeira;27214112;AL5 S.A. CRDITO, FINANCIAMENTO E INVESTIMENTO; ;2;5;5;12;23421;13123;14355;
2021;4;Demais Bancos, Financeiras e Instituies de Pagamento;Conglomerado; ;ALFA (conglomerado); ;16;54;12;82;422572;268328;155393;
2021;4;Demais Bancos, Financeiras e Instituies de Pagamento;Conglomerado; ;ANDBANK (conglomerado); ;0;2;2;4;4376;4376;37;
2021;4;Demais Bancos, Financeiras e Instituies de Pagamento;Banco/financeira;19540550;ASAAS GESTO FINANCEIRA INSTITUIO DE PAGAMENTO S.A.; ;0;3;1;4;249654;249654; ;
2021;4;Demais Bancos, Financeiras e Instituies de Pagamento;Banco/financeira;03532415;BANCO ABN AMRO S.A.; ;0;0;2;2;26;26;1;
2021;4;Demais Bancos, Financeiras e Instituies de Pagamento;Banco/financeira;54403563;BANCO ARBI S.A.; ;8;14;2;24;38372;30210;8698;
2021;4;Demais Bancos, Financeiras e Instituies de Pagamento;Banco/financeira;33132044;BANCO CEDULA S.A.; ;2;0;0;2;18016;2809;15432;
2021;4;Demais Bancos, Financeiras e Instituies de Pagamento;Banco/financeira;02992446;BANCO CNH INDUSTRIAL CAPITAL S.A.; ;0;1;0;1;28397;1230;27318;
2021;4;Demais Bancos, Financeiras e Instituies de Pagamento;Banco/financeira;08357240;BANCO CSF S.A.;13,88;102;99;60;261;7348002; ;7348002;
2021;4;Demais Bancos, Financeiras e Instituies de Pagamento;Banco/financeira;04902979;BANCO DA AMAZONIA S.A.; ;1;3;4;8;556710;480440;194083;
2021;4;Demais Bancos, Financeiras e Instituies de Pagamento;Banco/financeira;10690848;BANCO DA CHINA BRASIL S.A.; ;0;1;0;1;528;503;41;
2021;4;Demais Bancos, Financeiras e Instituies de Pagamento;Banco/financeira;05040481;BANCO DE LAGE LANDEN BRASIL S.A.; ;0;1;0;1;34810;3;34808;
2021;4;Demais Bancos, Financeiras e Instituies de Pagamento;Banco/financeira;92874270;BANCO DIGIMAIS S.A.;444,90;202;29;55;286;454034;302771;209881;
2021;4;Demais Bancos, Financeiras e Instituies de Pagamento;Banco/financeira;27098060;BANCO DIGIO S.A.;67,40;133;97;44;274;1973142;1349497;1500737;
2021;4;Demais Bancos, Financeiras e Instituies de Pagamento;Banco/financeira;13009717;BANCO DO ESTADO DE SERGIPE S.A.; ;29;30;19;78;1094338;827042;642079;
2021;4;Demais Bancos, Financeiras e Instituies de Pagamento;Banco/financeira;04913711;BANCO DO ESTADO DO PAR S.A.;33,51;31;21;21;73;924951;801524;412094;
2021;4;Demais Bancos, Financeiras e Instituies de Pagamento;Banco/financeira;07237373;BANCO DO NORDESTE DO BRASIL S.A.; ;5;34;26;65;8967632;8384030;3314376;
2021;4;Demais Bancos, Financeiras e Instituies de Pagamento;Banco/financeira;58616418;BANCO FIBRA S.A.; ;1;2;0;3;164195;4262;160535;
2021;4;Demais Bancos, Financeiras e Instituies de Pagamento;Banco/financeira;31880826;BANCO GUANABARA S.A.; ;1;0;0;1;2296;2240;378;
2021;4;Demais Bancos, Financeiras e Instituies de Pagamento;Banco/financeira;53518684;BANCO HSBC S.A.; ;0;3;3;6;3331;3318;71;
2021;4;Demais Bancos, Financeiras e Instituies de Pagamento;Banco/financeira;04866275;BANCO INBURSA S.A.; ;10;18;6;34;19313;9;19304;
2021;4;Demais Bancos, Financeiras e Instituies de Pagamento;Banco/financeira;23903068;BANCO KOMATSU DO BRASIL S.A.; ;0;1;0;1;726;716;700;
2021;4;Demais Bancos, Financeiras e Instituies de Pagamento;Banco/financeira;59118133;BANCO LUSO BRASILEIRO S.A.; ;0;1;0;1;9589;4653;5303;
2021;4;Demais Bancos, Financeiras e Instituies de Pagamento;Banco/financeira;78632767;BANCO OURINVEST S.A.; ;2;2;0;4;88234;85073;3199;
2021;4;Demais Bancos, Financeiras e Instituies de Pagamento;Banco/financeira;61820817;BANCO PAULISTA S.A.; ;2;1;0;3;29632;7826;22077;
2021;4;Demais Bancos, Financeiras e Instituies de Pagamento;Banco/financeira;01023570;BANCO RABOBANK INTERNATIONAL BRASIL S.A.; ;0;1;0;1;3933;3748;1744;
2021;4;Demais Bancos, Financeiras e Instituies de Pagamento;Banco/financeira;00517645;BANCO RIBEIRAO PRETO S.A.; ;0;0;1;1;3988;3815;1881;
2021;4;Demais Bancos, Financeiras e Instituies de Pagamento;Banco/financeira;00795423;BANCO SEMEAR S.A.; ;5;2;2;9;288254;4042;284806;
2021;4;Demais Bancos, Financeiras e Instituies de Pagamento;Banco/financeira;11970623;BANCO SENFF S.A.; ;3;1;1;5;158470;87682;72863;
2021;4;Demais Bancos, Financeiras e Instituies de Pagamento;Conglomerado; ;BANCO SICOOB (conglomerado); ;21;26;13;60;5291486;2461788;3440676;
2021;4;Demais Bancos, Financeiras e Instituies de Pagamento;Banco/financeira;07679404;BANCO TOPZIO S.A.; ;5;8;0;13;16284;15063;3043;
2021;4;Demais Bancos, Financeiras e Instituies de Pagamento;Conglomerado; ;BANCO TOYOTA DO BRASIL S.A. (conglomerado); ;2;5;6;13;152990;15267;138627;
2021;4;Demais Bancos, Financeiras e Instituies de Pagamento;Banco/financeira;17351180;BANCO TRIANGULO S.A.; ;10;15;15;40;1977611;565322;1791767;
2021;4;Demais Bancos, Financeiras e Instituies de Pagamento;Conglomerado; ;BANESTES (conglomerado); ;11;23;12;46;1354013;1303774;478795;
2021;4;Demais Bancos, Financeiras e Instituies de Pagamento;Conglomerado; ;BANRISUL (conglomerado);22,86;116;360;80;556;5073507;3715708;3960797;
2021;4;Demais Bancos, Financeiras e Instituies de Pagamento;Conglomerado; ;BARIGUI (conglomerado);140,74;36;54;14;104;255790;226379;56600;
2021;4;Top 15 - Bancos, Financeiras e Instituies de Pagamento;Conglomerado; ;BB (conglomerado);14,39;1034;2084;1568;4686;71820761;66103224;33139108;
2021;4;Demais Bancos, Financeiras e Instituies de Pagamento;Conglomerado; ;BBC (conglomerado); ;1;0;0;1;5306; ;5306;
2021;4;Top 15 - Bancos, Financeiras e Instituies de Pagamento;Conglomerado; ;BMG (conglomerado);67,87;618;748;167;1533;9105226;5655748;5202772;
2021;4;Demais Bancos, Financeiras e Instituies de Pagamento;Conglomerado; ;BMW (conglomerado); ;1;0;0;1;29782;27637;21275;
2021;4;Demais Bancos, Financeiras e Instituies de Pagamento;Conglomerado; ;BNP PARIBAS (conglomerado);134,90;302;385;61;748;2238538;12083;2226945;
2021;4;Demais Bancos, Financeiras e Instituies de Pagamento;Conglomerado; ;BNQI - FINANCEIRO (conglomerado); ;29;25;8;62; ; ; ;
2021;4;Demais Bancos, Financeiras e Instituies de Pagamento;Conglomerado; ;BOFA MERRILL LYNCH (conglomerado); ;0;1;0;1;4769;4763;107;
2021;4;Demais Bancos, Financeiras e Instituies de Pagamento;Banco/financeira;13370835;BPP INSTITUIO DE PAGAMENTO S.A.;16,85;32;25;4;61;1898746;1898746; ;
2021;4;Top 15 - Bancos, Financeiras e Instituies de Pagamento;Conglomerado; ;BRADESCO (conglomerado);25,30;2529;3483;2092;8104;99921260;91285260;44108477;
2021;4;Demais Bancos, Financeiras e Instituies de Pagamento;Conglomerado; ;BRB (conglomerado);71,83;261;338;215;814;3633478;3517522;1456857;
2021;4;Top 15 - Bancos, Financeiras e Instituies de Pagamento;Conglomerado; ;BTG PACTUAL/BANCO PAN (conglomerado);63,08;1128;1081;547;2756;17880721;11720010;9553219;
2021;4;Top 15 - Bancos, Financeiras e Instituies de Pagamento;Conglomerado; ;C6 BANK (conglomerado);106,22;1444;1326;541;3311;13594217;12201000;4405356;
2021;4;Top 15 - Bancos, Financeiras e Instituies de Pagamento;Conglomerado; ;CAIXA ECONMICA FEDERAL (conglomerado);17,66;2564;3137;2949;8650;145144708;143598185;23841368;
2021;4;Demais Bancos, Financeiras e Instituies de Pagamento;Banco/financeira;37122487;CALCRED S.A. - CRDITO, FINANCIAMENTO E INVESTIMENTO; ;0;0;1;1;2813; ;2813;
2021;4;Demais Bancos, Financeiras e Instituies de Pagamento;Banco/financeira;09313766;CARUANA S.A. - SOCIEDADE DE CRDITO, FINANCIAMENTO E INVESTIMENTO; ;4;0;2;6;59274;54298;15589;
2021;4;Demais Bancos, Financeiras e Instituies de Pagamento;Conglomerado; ;CCB (conglomerado); ;15;101;8;124;194385;3704;191219;
2021;4;Demais Bancos, Financeiras e Instituies de Pagamento;Banco/financeira;13935893;CELCOIN INSTITUICAO DE PAGAMENTO S.A.; ;4;4;6;14;0;0;0;
2021;4;Demais Bancos, Financeiras e Instituies de Pagamento;Banco/financeira;01027058;CIELO S.A.; ;28;23;47;98;122732;122628;104;
2021;4;Demais Bancos, Financeiras e Instituies de Pagamento;Conglomerado; ;CITIBANK (conglomerado); ;1;6;9;16;18303;17392;1824;
2021;4;Demais Bancos, Financeiras e Instituies de Pagamento;Conglomerado; ;COBUCCIO (conglomerado); ;6;15;24;45; ; ; ;
2021;4;Demais Bancos, Financeiras e Instituies de Pagamento;Conglomerado; ;COLOMBO (conglomerado); ;2;11;0;13;354942;47;354909;
2021;4;Demais Bancos, Financeiras e Instituies de Pagamento;Conglomerado; ;CRED-SYSTEM (conglomerado); ;21;16;13;50; ; ; ;
2021;4;Demais Bancos, Financeiras e Instituies de Pagamento;Banco/financeira;62895230;CREDI-SHOP S/A - INSTITUIO DE PAGAMENTO; ;0;1;0;1;724468; ;724468;
2021;4;Demais Bancos, Financeiras e Instituies de Pagamento;Conglomerado; ;CREFISA (conglomerado);24,21;69;77;39;185;2849908;1742216;1641568;
2021;4;Demais Bancos, Financeiras e Instituies de Pagamento;Conglomerado; ;DAYCOVAL (conglomerado);90,80;120;330;42;492;1321554;172698;1185305;
2021;4;Demais Bancos, Financeiras e Instituies de Pagamento;Banco/financeira;21018182;EBANX INSTITUICAO DE PAGAMENTOS LTDA.;102,12;48;26;4;78;470025;470023;2;
2021;4;Demais Bancos, Financeiras e Instituies de Pagamento;Banco/financeira;39321657;FACEBOOK INSTITUIO DE PAGAMENTO DO BRASIL LTDA.; ;0;0;2;2;0;0;0;
2021;4;Demais Bancos, Financeiras e Instituies de Pagamento;Banco/financeira;15581638;FACTA FINANCEIRA S.A. - CRDITO FINANCIAMENTO E INVESTIMENTO;339,53;156;415;31;602;459457;682;458779;
2021;4;Demais Bancos, Financeiras e Instituies de Pagamento;Banco/financeira;36583700;FC FINANCEIRA S.A. - CRDITO, FINANCIAMENTO E INVESTIMENTO; ;1;2;0;3;15595; ;15595;
2021;4;Demais Bancos, Financeiras e Instituies de Pagamento;Banco/financeira;00411939;FINAMAX S.A. - CREDITO, FINANCIAMENTO E INVESTIMENTO; ;0;3;6;9;85821;1630;84240;
2021;4;Demais Bancos, Financeiras e Instituies de Pagamento;Conglomerado; ;FINAXIS (conglomerado); ;0;1;1;2;3981;3981; ;
2021;4;Demais Bancos, Financeiras e Instituies de Pagamento;Banco/financeira;13203354;FITBANK PAGAMENTOS ELETRONICOS S.A.; ;1;1;0;2;582;582; ;
2021;4;Demais Bancos, Financeiras e Instituies de Pagamento;Banco/financeira;02732968;FORTBRASIL ADMINISTRADORA DE CARTOES DE CREDITO S/A; ;13;6;5;24;622170; ;622170;
2021;4;Demais Bancos, Financeiras e Instituies de Pagamento;Conglomerado; ;GAZIN (conglomerado); ;0;1;1;2;40831;314;40562;
2021;4;Demais Bancos, Financeiras e Instituies de Pagamento;Conglomerado; ;GENIAL (conglomerado); ;16;5;1;22;325801;325797;47;
2021;4;Demais Bancos, Financeiras e Instituies de Pagamento;Conglomerado; ;GERENCIANET (conglomerado); ;4;10;7;21;260700;260679;1109;
2021;4;Demais Bancos, Financeiras e Instituies de Pagamento;Conglomerado; ;GM (conglomerado); ;1;14;16;31;258368;489;257965;
2021;4;Demais Bancos, Financeiras e Instituies de Pagamento;Banco/financeira;06339468;GRAZZIOTIN FINANCIADORA S/A - CRDITO, FINANCIAMENTO E INVESTIMENTOS; ;0;0;1;1;32555;1;32554;
2021;4;Demais Bancos, Financeiras e Instituies de Pagamento;Conglomerado; ;GRUPO BONSUCESSO - BS2 (conglomerado);82,51;76;158;25;259;921017;915941;16753;
2021;4;Demais Bancos, Financeiras e Instituies de Pagamento;Conglomerado; ;GRUPO ZEMA (conglomerado); ;1;3;4;8;463914;582;463351;
2021;4;Demais Bancos, Financeiras e Instituies de Pagamento;Conglomerado; ;HERVAL - HS (conglomerado); ;7;5;1;13;206484;9685;201867;
2021;4;Demais Bancos, Financeiras e Instituies de Pagamento;Conglomerado; ;HONDA (conglomerado); ;5;9;5;19;417444;112;417418;
2021;4;Demais Bancos, Financeiras e Instituies de Pagamento;Banco/financeira;13884775;HUB PAGAMENTOS S.A; ;9;17;3;29;2657176;2657176; ;
2021;4;Demais Bancos, Financeiras e Instituies de Pagamento;Conglomerado; ;INDUSTRIAL DO BRASIL (conglomerado); ;7;22;4;33;63656;4550;59866;
2021;4;Top 15 - Bancos, Financeiras e Instituies de Pagamento;Conglomerado; ;INTER (conglomerado);53,90;818;756;258;1832;15174249;15073017;2457454;
2021;4;Top 15 - Bancos, Financeiras e Instituies de Pagamento;Conglomerado; ;ITAU (conglomerado);12,76;1153;2810;1673;5636;90314397;71571940;52704743;
2021;4;Demais Bancos, Financeiras e Instituies de Pagamento;Banco/financeira;15111975;IUGU INSTITUIO DE PAGAMENTO S.A.; ;1;1;1;3;0;0;0;
2021;4;Demais Bancos, Financeiras e Instituies de Pagamento;Banco/financeira;04230630;JBCRED S.A. SOCIEDADE DE CREDITO, FINANCIAMENTO E INVESTIMENTO; ;0;4;3;7;53834; ;53834;
2021;4;Demais Bancos, Financeiras e Instituies de Pagamento;Banco/financeira;11271860;LEBES FINANCEIRA S.A. - CRDITO, FINANCIAMENTO E INVESTIMENTO; ;1;2;5;8;263553;5;263549;
2021;4;Demais Bancos, Financeiras e Instituies de Pagamento;Conglomerado; ;LECCA (conglomerado); ;4;2;3;9;29144;273;28872;
2021;4;Demais Bancos, Financeiras e Instituies de Pagamento;Banco/financeira;07747410;M PAGAMENTOS S.A. - CRDITO FINANCIAMENTO E INVESTIMENTO; ;3;8;1;12;552627; ;552627;
2021;4;Demais Bancos, Financeiras e Instituies de Pagamento;Conglomerado; ;MASTER (conglomerado);952,93;122;99;15;236;128025;7385;120867;
2021;4;Top 15 - Bancos, Financeiras e Instituies de Pagamento;Conglomerado; ;MERCADO CRDITO (conglomerado);21,45;590;931;211;1732;27495743;27451306;1760832;
2021;4;Demais Bancos, Financeiras e Instituies de Pagamento;Conglomerado; ;MERCANTIL DO BRASIL (conglomerado);75,08;321;200;78;599;4275418;3678354;1920737;
2021;4;Demais Bancos, Financeiras e Instituies de Pagamento;Conglomerado; ;MERCEDES-BENZ (conglomerado); ;2;0;0;2;19881;406;19557;
2021;4;Top 15 - Bancos, Financeiras e Instituies de Pagamento;Banco/financeira;09464032;MIDWAY S.A. - CRDITO, FINANCIAMENTO E INVESTIMENTO;2,63;28;106;35;169;10613765;1109591;10456015;
2021;4;Demais Bancos, Financeiras e Instituies de Pagamento;Conglomerado; ;MODAL (conglomerado); ;21;19;23;63;1489940;1489660;41410;
2021;4;Demais Bancos, Financeiras e Instituies de Pagamento;Banco/financeira;04379829;NEGRESCO S.A. - CREDITO, FINANCIAMENTO E INVESTIMENTOS; ;0;5;0;5;441953;686;441268;
2021;4;Demais Bancos, Financeiras e Instituies de Pagamento;Banco/financeira;20855875;NEON PAGAMENTOS S.A.;324,25;210;108;47;365;647641; ;647641;
2021;4;Demais Bancos, Financeiras e Instituies de Pagamento;Banco/financeira;74828799;NOVO BANCO CONTINENTAL S.A. - BANCO MLTIPLO; ;17;79;0;96;121786;3155;119057;
2021;4;Top 15 - Bancos, Financeiras e Instituies de Pagamento;Conglomerado; ;NUBANK (conglomerado);5,26;263;729;345;1337;49967783;47944167;23501884;
2021;4;Demais Bancos, Financeiras e Instituies de Pagamento;Conglomerado; ;OMNI (conglomerado); ;21;64;56;141;5228860;185059;5061589;
2021;4;Top 15 - Bancos, Financeiras e Instituies de Pagamento;Conglomerado; ;ORIGINAL (conglomerado);17,70;635;737;232;1604;35869197;35697171;2757338;
2021;4;Top 15 - Bancos, Financeiras e Instituies de Pagamento;Conglomerado; ;PAGBANK-PAGSEGURO (conglomerado);15,78;345;668;196;1209;21860165;21852866;326378;
2021;4;Demais Bancos, Financeiras e Instituies de Pagamento;Conglomerado; ;PARAN BANCO (conglomerado);95,47;47;240;15;302;492284;10244;482350;
2021;4;Demais Bancos, Financeiras e Instituies de Pagamento;Banco/financeira;03311443;PARATI - CREDITO, FINANCIAMENTO E INVESTIMENTO S.A.;16.699,13;60;39;6;105;3593; ;3593;
2021;4;Demais Bancos, Financeiras e Instituies de Pagamento;Banco/financeira;10878448;PAYPAL DO BRASIL SERVICOS DE PAGAMENTOS LTDA;3,65;32;58;9;99;8746269;8746267;3;
2021;4;Demais Bancos, Financeiras e Instituies de Pagamento;Banco/financeira;43180355;PEFISA S.A. - CRDITO, FINANCIAMENTO E INVESTIMENTO;13,18;95;41;17;153;7207087;7004578;2587911;
2021;4;Demais Bancos, Financeiras e Instituies de Pagamento;Conglomerado; ;PINE (conglomerado); ;3;2;0;5;12752;11239;2226;
2021;4;Demais Bancos, Financeiras e Instituies de Pagamento;Conglomerado; ;PORTO SEGURO (conglomerado);28,80;92;75;57;224;3193843; ;3193843;
2021;4;Demais Bancos, Financeiras e Instituies de Pagamento;Banco/financeira;01800019;PORTOCRED S.A. - CREDITO, FINANCIAMENTO E INVESTIMENTO; ;13;26;13;52;232901;1;232900;
2021;4;Demais Bancos, Financeiras e Instituies de Pagamento;Banco/financeira;27351731;REALIZE CRDITO, FINANCIAMENTO E INVESTIMENTO S.A.; ;12;56;18;86;5366646;58;5366622;
2021;4;Demais Bancos, Financeiras e Instituies de Pagamento;Conglomerado; ;RENDIMENTO (conglomerado); ;2;20;5;27;207634;203897;6345;
2021;4;Demais Bancos, Financeiras e Instituies de Pagamento;Banco/financeira;65697260;REPOM S.A.; ;1;0;1;2;264544;264542;4;
2021;4;Demais Bancos, Financeiras e Instituies de Pagamento;Conglomerado; ;RODOBENS (conglomerado); ;2;4;3;9;15210;1575;14003;
2021;4;Demais Bancos, Financeiras e Instituies de Pagamento;Conglomerado; ;SAFRA (conglomerado);58,24;299;608;218;1125;5133500;2203303;3293645;
2021;4;Top 15 - Bancos, Financeiras e Instituies de Pagamento;Conglomerado; ;SANTANDER (conglomerado);24,58;1397;3086;1638;6121;56812607;49729206;25807189;
2021;4;Demais Bancos, Financeiras e Instituies de Pagamento;Banco/financeira;00122327;SANTINVEST S.A. - CREDITO, FINANCIAMENTO E INVESTIMENTOS; ;0;4;0;4;10969;564;10405;
2021;4;Demais Bancos, Financeiras e Instituies de Pagamento;Conglomerado; ;SCANIA (conglomerado); ;1;0;0;1;5294;4196;5246;
2021;4;Demais Bancos, Financeiras e Instituies de Pagamento;Banco/financeira;05503849;SF3 CRDITO, FINANCIAMENTO E INVESTIMENTO S.A.; ;0;1;1;2;30369;1259;29113;
2021;4;Demais Bancos, Financeiras e Instituies de Pagamento;Conglomerado; ;SIMPALA (conglomerado); ;1;0;0;1;3000;26;2974;
2021;4;Demais Bancos, Financeiras e Instituies de Pagamento;Banco/financeira;03881423;SOCINAL S.A. - CRDITO, FINANCIAMENTO E INVESTIMENTO; ;4;3;9;16;2151;458;1693;
2021;4;Demais Bancos, Financeiras e Instituies de Pagamento;Conglomerado; ;SOFISA (conglomerado); ;26;24;9;59;437525;427956;17840;
2021;4;Demais Bancos, Financeiras e Instituies de Pagamento;Conglomerado; ;SOROCRED (conglomerado); ;11;35;11;57;715574;1071;714550;
2021;4;Demais Bancos, Financeiras e Instituies de Pagamento;Conglomerado; ;STONE (conglomerado);21,55;40;82;11;133;1855667;1855564;104;
2021;4;Demais Bancos, Financeiras e Instituies de Pagamento;Banco/financeira;09473806;TODESCREDI S/A - CRDITO, FINANCIAMENTO E INVESTIMENTO; ;0;0;1;1;37822;12;37810;
2021;4;Demais Bancos, Financeiras e Instituies de Pagamento;Banco/financeira;01722480;VERDE - ADMINISTRADORA DE CARTOES DE CREDITO S.A.; ;2;7;2;11;435518; ;435518;
2021;4;Demais Bancos, Financeiras e Instituies de Pagamento;Banco/financeira;05192316;VIA CERTA FINANCIADORA S.A. - CRDITO, FINANCIAMENTO E INVESTIMENTOS; ;4;4;1;9;416742;2167;415345;
2021;4;Demais Bancos, Financeiras e Instituies de Pagamento;Conglomerado; ;VOLKSWAGEN (conglomerado); ;13;50;38;101;344355;869;343647;
2021;4;Demais Bancos, Financeiras e Instituies de Pagamento;Conglomerado; ;VOLVO (conglomerado); ;0;1;2;3;7449;49;7440;
2021;4;Top 15 - Bancos, Financeiras e Instituies de Pagamento;Conglomerado; ;VOTORANTIM (conglomerado);9,33;188;147;177;512;20145553;16986862;5287210;
2021;4;Demais Bancos, Financeiras e Instituies de Pagamento;Conglomerado; ;WESTERN UNION (conglomerado); ;1;2;3;6;1;1; ;
2021;4;Demais Bancos, Financeiras e Instituies de Pagamento;Banco/financeira;23862762;WILL FINANCEIRA S.A. CRDITO, FINANCIAMENTO E INVESTIMENTO;19,87;41;31;22;94;2062720;2062055;440454;
2021;4;Demais Bancos, Financeiras e Instituies de Pagamento;Conglomerado; ;XP (conglomerado);184,34;70;13;7;90;379732;376638;284044;
2021;4;Demais Bancos, Financeiras e Instituies de Pagamento;Conglomerado; ;YAMAHA MOTOR (conglomerado); ;0;9;14;23;213549;115;213456;
2022;3;Demais Bancos, Financeiras e Instituies de Pagamento;Conglomerado; ;ABC-BRASIL (conglomerado); ;4;7;3;14;50720;47485;6932;
2022;3;Demais Bancos, Financeiras e Instituies de Pagamento;Conglomerado; ;ABN AMRO (conglomerado); ;0;0;1;1;0;0; ;
2022;3;Demais Bancos, Financeiras e Instituies de Pagamento;Banco/financeira;13140088;ACESSO SOLUES DE PAGAMENTO S.A.;14,70;75;128;9;212;5098671;5098661;19396;
2022;3;Demais Bancos, Financeiras e Instituies de Pagamento;Conglomerado; ;AGIBANK (conglomerado);96,00;182;262;95;539;1895683;1540134;1176067;
2022;3;Demais Bancos, Financeiras e Instituies de Pagamento;Banco/financeira;36321990;AGORACRED S/A SOCIEDADE DE CRDITO, FINANCIAMENTO E INVESTIMENTO; ;4;4;2;10;534795;133;534662;
2022;3;Demais Bancos, Financeiras e Instituies de Pagamento;Banco/financeira;27214112;AL5 S.A. CRDITO, FINANCIAMENTO E INVESTIMENTO; ;10;3;2;15;30959;19706;16841;
2022;3;Demais Bancos, Financeiras e Instituies de Pagamento;Conglomerado; ;ALFA (conglomerado); ;23;48;9;80;436746;267423;170417;
2022;3;Demais Bancos, Financeiras e Instituies de Pagamento;Banco/financeira;32778350;AME DIGITAL BRASIL INSTITUICAO DE PAGAMENTO LTDA; ;6;31;90;127;0;0;0;
2022;3;Demais Bancos, Financeiras e Instituies de Pagamento;Conglomerado; ;ANDBANK (conglomerado); ;0;2;2;4;4302;4302;29;
2022;3;Demais Bancos, Financeiras e Instituies de Pagamento;Banco/financeira;19540550;ASAAS GESTO FINANCEIRA INSTITUIO DE PAGAMENTO S.A.; ;8;42;5;55;404447;404447; ;
2022;3;Demais Bancos, Financeiras e Instituies de Pagamento;Banco/financeira;54403563;BANCO ARBI S.A.; ;14;8;0;22;84526;75882;10846;
2022;3;Demais Bancos, Financeiras e Instituies de Pagamento;Banco/financeira;00997185;BANCO B3 S.A.; ;0;1;1;2;896;896; ;
2022;3;Demais Bancos, Financeiras e Instituies de Pagamento;Banco/financeira;02658435;BANCO CATERPILLAR S.A.; ;1;0;0;1;3325; ;3325;
2022;3;Demais Bancos, Financeiras e Instituies de Pagamento;Banco/financeira;33132044;BANCO CEDULA S.A.; ;0;1;1;2;18010;2805;15425;
2022;3;Demais Bancos, Financeiras e Instituies de Pagamento;Banco/financeira;02992446;BANCO CNH INDUSTRIAL CAPITAL S.A.; ;0;2;2;4;28887;1290;27778;
2022;3;Demais Bancos, Financeiras e Instituies de Pagamento;Banco/financeira;08357240;BANCO CSF S.A.;9,98;77;72;43;192;7707988; ;7707988;
2022;3;Demais Bancos, Financeiras e Instituies de Pagamento;Banco/financeira;04902979;BANCO DA AMAZONIA S.A.; ;6;7;10;23;507169;507169; ;
2022;3;Demais Bancos, Financeiras e Instituies de Pagamento;Banco/financeira;33042151;BANCO DE LA NACION ARGENTINA; ;0;2;0;2;267;255;22;
2022;3;Demais Bancos, Financeiras e Instituies de Pagamento;Banco/financeira;05040481;BANCO DE LAGE LANDEN BRASIL S.A.; ;0;0;1;1;35292;4;35289;
2022;3;Demais Bancos, Financeiras e Instituies de Pagamento;Banco/financeira;92874270;BANCO DIGIMAIS S.A.;424,80;132;31;33;196;310734;142304;203761;
2022;3;Demais Bancos, Financeiras e Instituies de Pagamento;Banco/financeira;13009717;BANCO DO ESTADO DE SERGIPE S.A.;164,66;139;44;33;216;844129;844129; ;
2022;3;Demais Bancos, Financeiras e Instituies de Pagamento;Banco/financeira;04913711;BANCO DO ESTADO DO PAR S.A.;56,38;56;28;23;107;993127;869557;435700;
2022;3;Demais Bancos, Financeiras e Instituies de Pagamento;Banco/financeira;07237373;BANCO DO NORDESTE DO BRASIL S.A.; ;9;41;48;98;9294372;8720080;3310284;
2022;3;Demais Bancos, Financeiras e Instituies de Pagamento;Banco/financeira;33644196;BANCO FATOR S.A.; ;1;0;0;1;13172;13168;13;
2022;3;Demais Bancos, Financeiras e Instituies de Pagamento;Banco/financeira;58616418;BANCO FIBRA S.A.; ;0;1;0;1;163544;4432;159809;
2022;3;Demais Bancos, Financeiras e Instituies de Pagamento;Banco/financeira;53518684;BANCO HSBC S.A.; ;0;4;8;12;3858;3843;82;
2022;3;Demais Bancos, Financeiras e Instituies de Pagamento;Banco/financeira;04866275;BANCO INBURSA S.A.; ;10;10;5;25;27585;10;27575;
2022;3;Demais Bancos, Financeiras e Instituies de Pagamento;Banco/financeira;91884981;BANCO JOHN DEERE S.A.; ;0;1;0;1;13559;254;13367;
2022;3;Demais Bancos, Financeiras e Instituies de Pagamento;Banco/financeira;61088183;BANCO MIZUHO DO BRASIL S.A.; ;1;2;0;3;1249;1226;63;
2022;3;Demais Bancos, Financeiras e Instituies de Pagamento;Banco/financeira;78632767;BANCO OURINVEST S.A.; ;6;14;1;21;257799;253773;4082;
2022;3;Demais Bancos, Financeiras e Instituies de Pagamento;Banco/financeira;61820817;BANCO PAULISTA S.A.; ;13;4;0;17;57603;8406;49516;
2022;3;Demais Bancos, Financeiras e Instituies de Pagamento;Banco/financeira;01023570;BANCO RABOBANK INTERNATIONAL BRASIL S.A.; ;0;1;0;1;3872;3691;1699;
2022;3;Demais Bancos, Financeiras e Instituies de Pagamento;Banco/financeira;00517645;BANCO RIBEIRAO PRETO S.A.; ;2;0;0;2;4456;4290;1784;
2022;3;Demais Bancos, Financeiras e Instituies de Pagamento;Banco/financeira;80271455;BANCO RNX S.A.; ;0;1;0;1;2452;60;2407;
2022;3;Demais Bancos, Financeiras e Instituies de Pagamento;Banco/financeira;00795423;BANCO SEMEAR S.A.; ;4;14;2;20;315587;6155;310457;
2022;3;Demais Bancos, Financeiras e Instituies de Pagamento;Conglomerado; ;BANCO SICOOB (conglomerado);17,47;102;93;30;225;5835765;2633199;3887697;
2022;3;Demais Bancos, Financeiras e Instituies de Pagamento;Banco/financeira;07679404;BANCO TOPZIO S.A.; ;7;14;2;23;12749;11617;2803;
2022;3;Demais Bancos, Financeiras e Instituies de Pagamento;Conglomerado; ;BANCO TOYOTA DO BRASIL S.A. (conglomerado); ;4;6;18;28;154520;15261;140131;
2022;3;Demais Bancos, Financeiras e Instituies de Pagamento;Banco/financeira;17351180;BANCO TRIANGULO S.A.; ;8;24;10;42;1740049;679997;1431577;
2022;3;Demais Bancos, Financeiras e Instituies de Pagamento;Conglomerado; ;BANESTES (conglomerado);25,51;36;44;13;93;1410675;1360265;483399;
2022;3;Demais Bancos, Financeiras e Instituies de Pagamento;Conglomerado; ;BANRISUL (conglomerado);7,31;38;190;68;296;5198088;3716170;4072650;
2022;3;Demais Bancos, Financeiras e Instituies de Pagamento;Conglomerado; ;BARIGUI (conglomerado); ;20;66;19;105;349049;316165;64436;
2022;3;Top 15 - Bancos, Financeiras e Instituies de Pagamento;Conglomerado; ;BB (conglomerado);12,64;930;2217;1162;4309;73557524;66988564;35361914;
2022;3;Demais Bancos, Financeiras e Instituies de Pagamento;Conglomerado; ;BBC (conglomerado); ;3;4;2;9;5872; ;5872;
2022;3;Demais Bancos, Financeiras e Instituies de Pagamento;Banco/financeira;11285104;BIORC FINANCEIRA - CRDITO, FINANCIAMENTO E INVESTIMENTO S.A.; ;0;1;0;1;17785;254;17531;
2022;3;Top 15 - Bancos, Financeiras e Instituies de Pagamento;Conglomerado; ;BMG (conglomerado);46,87;542;844;154;1540;11561565;7399043;6467199;
2022;3;Demais Bancos, Financeiras e Instituies de Pagamento;Conglomerado; ;BMW (conglomerado); ;0;1;3;4;31181;29742;22022;
2022;3;Demais Bancos, Financeiras e Instituies de Pagamento;Conglomerado; ;BNP PARIBAS (conglomerado);42,48;87;279;74;440;2047673;11438;2036674;
2022;3;Demais Bancos, Financeiras e Instituies de Pagamento;Conglomerado; ;BNQI - FINANCEIRO (conglomerado); ;29;37;7;73; ; ; ;
2022;3;Top 15 - Bancos, Financeiras e Instituies de Pagamento;Conglomerado; ;BRADESCO (conglomerado);25,18;2564;4393;1765;8722;101788328;95939623;39991382;
2022;3;Demais Bancos, Financeiras e Instituies de Pagamento;Conglomerado; ;BRB (conglomerado);46,81;269;297;144;710;5745833;4110808;2879389;
2022;3;Demais Bancos, Financeiras e Instituies de Pagamento;Banco/financeira;12865507;BRK S.A. CRDITO, FINANCIAMENTO E INVESTIMENTO; ;0;1;0;1;23238;18388;20990;
2022;3;Top 15 - Bancos, Financeiras e Instituies de Pagamento;Conglomerado; ;BTG PACTUAL/BANCO PAN (conglomerado);76,14;1559;1003;513;3075;20473165;15651421;8783911;
2022;3;Top 15 - Bancos, Financeiras e Instituies de Pagamento;Conglomerado; ;C6 BANK (conglomerado);50,18;1070;1741;519;3330;21320772;19080023;6995013;
2022;3;Top 15 - Bancos, Financeiras e Instituies de Pagamento;Conglomerado; ;CAIXA ECONMICA FEDERAL (conglomerado);17,19;2550;3067;2729;8346;148308904;146717181;29403700;
2022;3;Demais Bancos, Financeiras e Instituies de Pagamento;Conglomerado; ;CAIXA GERAL (conglomerado); ;2;2;1;5;982;959;57;
2022;3;Demais Bancos, Financeiras e Instituies de Pagamento;Banco/financeira;37122487;CALCRED S.A. - CRDITO, FINANCIAMENTO E INVESTIMENTO; ;3;4;1;8;163794; ;163794;
2022;3;Demais Bancos, Financeiras e Instituies de Pagamento;Banco/financeira;09313766;CARUANA S.A. - SOCIEDADE DE CRDITO, FINANCIAMENTO E INVESTIMENTO; ;6;4;2;12;58790;53422;14080;
2022;3;Demais Bancos, Financeiras e Instituies de Pagamento;Conglomerado; ;CCB (conglomerado); ;4;68;11;83;160508;3521;157408;
2022;3;Demais Bancos, Financeiras e Instituies de Pagamento;Banco/financeira;13935893;CELCOIN INSTITUICAO DE PAGAMENTO S.A.; ;5;16;2;23;0;0;0;
2022;3;Demais Bancos, Financeiras e Instituies de Pagamento;Banco/financeira;26225776;CENTROCRED S.A. CRDITO, FINANCIAMENTO E INVESTIMENTOS; ;1;0;0;1;110863;72;110791;
2022;3;Demais Bancos, Financeiras e Instituies de Pagamento;Banco/financeira;01027058;CIELO S.A. - INSTITUIO DE PAGAMENTO; ;21;34;32;87;194142;194030;112;
2022;3;Demais Bancos, Financeiras e Instituies de Pagamento;Conglomerado; ;CITIBANK (conglomerado); ;4;14;7;25;18558;17710;1759;
2022;3;Demais Bancos, Financeiras e Instituies de Pagamento;Conglomerado; ;COBUCCIO (conglomerado); ;10;15;22;47; ; ; ;
2022;3;Demais Bancos, Financeiras e Instituies de Pagamento;Conglomerado; ;COLOMBO (conglomerado); ;1;5;3;9;322307;60;322265;
2022;3;Demais Bancos, Financeiras e Instituies de Pagamento;Banco/financeira;05938780;COOPER CARD INSTITUIO DE PAGAMENTO LTDA.; ;0;1;1;2;378360;120371;280195;
2022;3;Demais Bancos, Financeiras e Instituies de Pagamento;Banco/financeira;62895230;CREDI-SHOP S/A - INSTITUIO DE PAGAMENTO; ;0;2;0;2;701423; ;701423;
2022;3;Demais Bancos, Financeiras e Instituies de Pagamento;Conglomerado; ;CREDIT SUISSE (conglomerado); ;0;2;2;4;5997;5993;384;
2022;3;Demais Bancos, Financeiras e Instituies de Pagamento;Conglomerado; ;CREDSYSTEM (conglomerado); ;18;52;25;95; ; ; ;
2022;3;Demais Bancos, Financeiras e Instituies de Pagamento;Conglomerado; ;CREFISA (conglomerado);22,94;75;135;61;271;3268995;1890679;1776220;
2022;3;Demais Bancos, Financeiras e Instituies de Pagamento;Conglomerado; ;DAYCOVAL (conglomerado);110,61;173;447;60;680;1564046;237353;1377871;
2022;3;Demais Bancos, Financeiras e Instituies de Pagamento;Banco/financeira;13370835;DOCK INSTITUIO DE PAGAMENTO S.A.; ;23;26;8;57;1997904;1997904; ;
2022;3;Demais Bancos, Financeiras e Instituies de Pagamento;Banco/financeira;21018182;EBANX INSTITUICAO DE PAGAMENTOS LTDA.;70,09;39;60;15;114;556387;556385;2;
2022;3;Demais Bancos, Financeiras e Instituies de Pagamento;Banco/financeira;00714671;EWALLY INSTITUIO DE PAGAMENTO S.A.; ;4;0;5;9;0;0;0;
2022;3;Demais Bancos, Financeiras e Instituies de Pagamento;Banco/financeira;39321657;FACEBOOK INSTITUIO DE PAGAMENTO DO BRASIL LTDA.; ;1;2;3;6;0;0;0;
2022;3;Demais Bancos, Financeiras e Instituies de Pagamento;Banco/financeira;15581638;FACTA FINANCEIRA S.A. - CRDITO FINANCIAMENTO E INVESTIMENTO;113,04;79;169;14;262;698817;686;698139;
2022;3;Demais Bancos, Financeiras e Instituies de Pagamento;Banco/financeira;36583700;FC FINANCEIRA S.A. - CRDITO, FINANCIAMENTO E INVESTIMENTO; ;1;6;7;14;25394; ;25394;
2022;3;Demais Bancos, Financeiras e Instituies de Pagamento;Banco/financeira;00411939;FINAMAX S.A. - CREDITO, FINANCIAMENTO E INVESTIMENTO; ;1;4;4;9;84947;1591;83394;
2022;3;Demais Bancos, Financeiras e Instituies de Pagamento;Banco/financeira;13203354;FITBANK PAGAMENTOS ELETRONICOS S.A.; ;5;0;3;8;18359;18359; ;
2022;3;Demais Bancos, Financeiras e Instituies de Pagamento;Banco/financeira;23114447;FLAGSHIP INSTITUICAO DE PAGAMENTOS LTDA; ;7;8;0;15;0;0;0;
2022;3;Demais Bancos, Financeiras e Instituies de Pagamento;Banco/financeira;02732968;FORTBRASIL INSTITUIO DE PAGAMENTO S/A; ;7;9;7;23;697417; ;697417;
2022;3;Demais Bancos, Financeiras e Instituies de Pagamento;Conglomerado; ;GAZIN (conglomerado); ;0;1;1;2;49647;352;49357;
2022;3;Demais Bancos, Financeiras e Instituies de Pagamento;Conglomerado; ;GENIAL (conglomerado); ;9;10;1;20;657765;657761;406;
2022;3;Demais Bancos, Financeiras e Instituies de Pagamento;Conglomerado; ;GERENCIANET (conglomerado); ;13;37;9;59;334816;334644;15120;
2022;3;Demais Bancos, Financeiras e Instituies de Pagamento;Conglomerado; ;GM (conglomerado); ;4;13;13;30;227309;474;226918;
2022;3;Demais Bancos, Financeiras e Instituies de Pagamento;Banco/financeira;22177858;GRANITO INSTITUIO DE PAGAMENTO S.A.; ;4;4;4;12;0;0;0;
2022;3;Demais Bancos, Financeiras e Instituies de Pagamento;Conglomerado; ;GRUPO BONSUCESSO - BS2 (conglomerado);323,09;111;186;37;334;343552;336575;11875;
2022;3;Demais Bancos, Financeiras e Instituies de Pagamento;Conglomerado; ;GRUPO ZEMA (conglomerado); ;1;14;11;26;505005;18246;490852;
2022;3;Demais Bancos, Financeiras e Instituies de Pagamento;Conglomerado; ;HERVAL - HS (conglomerado); ;5;7;3;15;211524;801;210925;
2022;3;Demais Bancos, Financeiras e Instituies de Pagamento;Conglomerado; ;HONDA (conglomerado); ;9;18;8;35;385212;142;385159;
2022;3;Demais Bancos, Financeiras e Instituies de Pagamento;Banco/financeira;13884775;HUB INSTITUIO DE PAGAMENTO S.A.; ;26;73;5;104;9935547;9935547;49;
2022;3;Demais Bancos, Financeiras e Instituies de Pagamento;Conglomerado; ;INDUSTRIAL DO BRASIL (conglomerado); ;7;25;1;33;69360;4561;65597;
2022;3;Top 15 - Bancos, Financeiras e Instituies de Pagamento;Conglomerado; ;INTER (conglomerado);36,81;782;935;426;2143;21243511;21118007;3264018;
2022;3;Top 15 - Bancos, Financeiras e Instituies de Pagamento;Conglomerado; ;ITAU (conglomerado);14,40;1375;3171;1312;5858;95481328;76800409;55246772;
2022;3;Demais Bancos, Financeiras e Instituies de Pagamento;Banco/financeira;15111975;IUGU INSTITUIO DE PAGAMENTO S.A.; ;10;4;1;15;2010; ;2010;
2022;3;Demais Bancos, Financeiras e Instituies de Pagamento;Banco/financeira;04230630;JBCRED S.A. SOCIEDADE DE CREDITO, FINANCIAMENTO E INVESTIMENTO; ;1;8;7;16;60558; ;60558;
2022;3;Demais Bancos, Financeiras e Instituies de Pagamento;Conglomerado; ;JP MORGAN CHASE (conglomerado); ;0;2;2;4;3672;3649;109;
2022;3;Demais Bancos, Financeiras e Instituies de Pagamento;Banco/financeira;06040559;KREDILIG S.A. - CRDITO, FINANCIAMENTO E INVESTIMENTO; ;1;3;1;5;314082;5;314080;
2022;3;Demais Bancos, Financeiras e Instituies de Pagamento;Banco/financeira;11271860;LEBES FINANCEIRA S.A. - CRDITO, FINANCIAMENTO E INVESTIMENTO; ;5;3;5;13;304471;5;304467;
2022;3;Demais Bancos, Financeiras e Instituies de Pagamento;Banco/financeira;07652226;LECCA CRDITO, FINANCIAMENTO E INVESTIMENTO S/A; ;4;0;9;13;24016;284;23732;
2022;3;Demais Bancos, Financeiras e Instituies de Pagamento;Banco/financeira;07747410;M PAGAMENTOS S.A. - CRDITO FINANCIAMENTO E INVESTIMENTO; ;4;9;1;14;711941; ;711941;
2022;3;Demais Bancos, Financeiras e Instituies de Pagamento;Banco/financeira;21995256;MAG INSTITUICAO DE PAGAMENTO LTDA; ;0;1;0;1;0;0;0;
2022;3;Demais Bancos, Financeiras e Instituies de Pagamento;Conglomerado; ;MASTER (conglomerado);373,13;98;94;15;207;262641;11741;252344;
2022;3;Top 15 - Bancos, Financeiras e Instituies de Pagamento;Conglomerado; ;MERCADO CRDITO (conglomerado);22,21;875;1292;196;2363;39392090;39364711;3858225;
2022;3;Demais Bancos, Financeiras e Instituies de Pagamento;Conglomerado; ;MERCANTIL DO BRASIL (conglomerado);58,42;323;228;73;624;5528253;4084105;2861328;
2022;3;Demais Bancos, Financeiras e Instituies de Pagamento;Conglomerado; ;MERCEDES-BENZ (conglomerado); ;3;3;5;11;19302;413;18971;
2022;3;Demais Bancos, Financeiras e Instituies de Pagamento;Banco/financeira;09464032;MIDWAY S.A. - CRDITO, FINANCIAMENTO E INVESTIMENTO;5,11;56;132;51;239;10958007;2049904;10564513;
2022;3;Demais Bancos, Financeiras e Instituies de Pagamento;Conglomerado; ;MODAL (conglomerado);25,21;44;35;14;93;1745259;1744823;49015;
2022;3;Demais Bancos, Financeiras e Instituies de Pagamento;Conglomerado; ;NACIONAL (conglomerado); ;0;0;1;1;61; ;61;
2022;3;Demais Bancos, Financeiras e Instituies de Pagamento;Banco/financeira;04379829;NEGRESCO S.A. - CREDITO, FINANCIAMENTO E INVESTIMENTOS; ;1;3;2;6;466545;625;465922;
2022;3;Top 15 - Bancos, Financeiras e Instituies de Pagamento;Conglomerado; ;NEON (conglomerado);15,59;239;178;49;466;15325349;15324873;1243553;
2022;3;Demais Bancos, Financeiras e Instituies de Pagamento;Banco/financeira;74828799;NOVO BANCO CONTINENTAL S.A. - BANCO MLTIPLO; ;1;36;0;37;374760;3343;372062;
2022;3;Top 15 - Bancos, Financeiras e Instituies de Pagamento;Conglomerado; ;NUBANK (conglomerado);9,76;633;1423;322;2378;64841518;63116978;32844721;
2022;3;Demais Bancos, Financeiras e Instituies de Pagamento;Conglomerado; ;OMNI (conglomerado);10,33;45;89;62;196;4352219;246703;4135915;
2022;3;Top 15 - Bancos, Financeiras e Instituies de Pagamento;Conglomerado; ;ORIGINAL (conglomerado);17,35;732;1181;292;2205;42173653;41931506;4414351;
2022;3;Top 15 - Bancos, Financeiras e Instituies de Pagamento;Conglomerado; ;PAGBANK-PAGSEGURO (conglomerado);19,73;512;868;103;1483;25948408;25948045;317352;
2022;3;Demais Bancos, Financeiras e Instituies de Pagamento;Banco/financeira;03816413;PAGUEVELOZ INSTITUIO DE PAGAMENTO LTDA.; ;9;4;4;17;0;0;0;
2022;3;Demais Bancos, Financeiras e Instituies de Pagamento;Conglomerado; ;PARAN BANCO (conglomerado); ;13;134;10;157;534173;11149;523415;
2022;3;Demais Bancos, Financeiras e Instituies de Pagamento;Banco/financeira;03311443;PARATI - CREDITO, FINANCIAMENTO E INVESTIMENTO S.A.; ;23;48;3;74;45764;44153;2109;
2022;3;Demais Bancos, Financeiras e Instituies de Pagamento;Banco/financeira;10878448;PAYPAL DO BRASIL SERVICOS DE PAGAMENTOS LTDA;15,77;49;110;14;173;3106019;3106017;3;
2022;3;Demais Bancos, Financeiras e Instituies de Pagamento;Banco/financeira;43180355;PEFISA S.A. - CRDITO, FINANCIAMENTO E INVESTIMENTO;13,10;117;65;30;212;8928230;8731610;2919755;
2022;3;Demais Bancos, Financeiras e Instituies de Pagamento;Banco/financeira;17079937;PINBANK BRASIL INSTITUIO DE PAGAMENTO S.A.; ;0;0;1;1;0;0;0;
2022;3;Demais Bancos, Financeiras e Instituies de Pagamento;Conglomerado; ;PINE (conglomerado); ;1;5;3;9;50060;11777;39030;
2022;3;Demais Bancos, Financeiras e Instituies de Pagamento;Conglomerado; ;PORTO SEGURO (conglomerado);41,51;123;106;89;318;2962999;13010;2962817;
2022;3;Demais Bancos, Financeiras e Instituies de Pagamento;Banco/financeira;01800019;PORTOCRED S.A. - CREDITO, FINANCIAMENTO E INVESTIMENTO;286,17;34;31;19;84;118808;2234;116575;
2022;3;Demais Bancos, Financeiras e Instituies de Pagamento;Banco/financeira;01722480;QUERO-QUERO VERDECARD INSTITUIO DE PAGAMENTO S.A.; ;6;12;2;20;388826; ;388826;
2022;3;Demais Bancos, Financeiras e Instituies de Pagamento;Banco/financeira;27351731;REALIZE CRDITO, FINANCIAMENTO E INVESTIMENTO S.A.; ;18;67;43;128;5730050;14322;5729574;
2022;3;Demais Bancos, Financeiras e Instituies de Pagamento;Conglomerado; ;RECARGAPAY (conglomerado);7,64;59;66;15;140;7714549;7712803;24547;
2022;3;Demais Bancos, Financeiras e Instituies de Pagamento;Conglomerado; ;RENDIMENTO (conglomerado); ;13;19;2;34;242571;238738;6785;
2022;3;Demais Bancos, Financeiras e Instituies de Pagamento;Banco/financeira;65697260;REPOM S.A.; ;9;3;0;12;269770;269768;4;
2022;3;Demais Bancos, Financeiras e Instituies de Pagamento;Conglomerado; ;RODOBENS (conglomerado); ;2;9;4;15;21663;1553;20485;
2022;3;Demais Bancos, Financeiras e Instituies de Pagamento;Banco/financeira;06249129;RPW S/A SOCIEDADE DE CRDITO, FINANCIAMENTO E INVESTIMENTO; ;0;1;0;1;14817;3;14814;
2022;3;Demais Bancos, Financeiras e Instituies de Pagamento;Conglomerado; ;SAFRA (conglomerado);59,27;332;532;223;1087;5601301;2066353;3913535;
2022;3;Top 15 - Bancos, Financeiras e Instituies de Pagamento;Conglomerado; ;SANTANDER (conglomerado);28,54;1740;3409;1463;6612;60961566;54709213;25435633;
2022;3;Demais Bancos, Financeiras e Instituies de Pagamento;Banco/financeira;00122327;SANTINVEST S.A. - CREDITO, FINANCIAMENTO E INVESTIMENTOS; ;1;4;0;5;11605;465;11140;
2022;3;Demais Bancos, Financeiras e Instituies de Pagamento;Conglomerado; ;SCANIA (conglomerado); ;1;0;0;1;5399;4433;5354;
2022;3;Demais Bancos, Financeiras e Instituies de Pagamento;Conglomerado; ;SENFF (conglomerado); ;8;10;8;26;263286;159789;108625;
2022;3;Demais Bancos, Financeiras e Instituies de Pagamento;Banco/financeira;05503849;SF3 CRDITO, FINANCIAMENTO E INVESTIMENTO S.A.; ;1;2;1;4;31739;1296;30445;
2022;3;Demais Bancos, Financeiras e Instituies de Pagamento;Banco/financeira;38372267;SHPP BRASIL INSTITUIO DE PAGAMENTO E SERVIOS DE PAGAMENTOS LTDA.; ;5;2;7;14;0;0;0;
2022;3;Demais Bancos, Financeiras e Instituies de Pagamento;Conglomerado; ;SICREDI (conglomerado); ;0;4;5;9;7148115;7126236;210908;
2022;3;Demais Bancos, Financeiras e Instituies de Pagamento;Conglomerado; ;SIMPALA (conglomerado); ;1;0;0;1;4670;27;4644;
2022;3;Demais Bancos, Financeiras e Instituies de Pagamento;Banco/financeira;15173776;SOCIAL BANK BANCO MLTIPLO S/A; ;17;1;1;19;1321;1311;17;
2022;3;Demais Bancos, Financeiras e Instituies de Pagamento;Banco/financeira;23757411;SOCIAL BANK INSTITUIO DE PAGAMENTO S.A; ;2;0;0;2;283011;283011; ;
2022;3;Demais Bancos, Financeiras e Instituies de Pagamento;Conglomerado; ;SOCIETE GENERALE (conglomerado); ;0;1;0;1;428;341;137;
2022;3;Demais Bancos, Financeiras e Instituies de Pagamento;Banco/financeira;03881423;SOCINAL S.A. - CRDITO, FINANCIAMENTO E INVESTIMENTO; ;3;4;16;23;2234;448;1786;
2022;3;Demais Bancos, Financeiras e Instituies de Pagamento;Conglomerado; ;SOFISA (conglomerado);68,21;40;29;27;96;586409;577267;54379;
2022;3;Demais Bancos, Financeiras e Instituies de Pagamento;Conglomerado; ;SOROCRED (conglomerado); ;16;43;29;88;635124;1061;634109;
2022;3;Demais Bancos, Financeiras e Instituies de Pagamento;Banco/financeira;09274232;STATE STREET BRASIL S.A. - BANCO COMERCIAL; ;0;1;0;1;1;1; ;
2022;3;Demais Bancos, Financeiras e Instituies de Pagamento;Conglomerado; ;STONE (conglomerado);55,91;145;533;18;696;2593141;2593044;99;
2022;3;Demais Bancos, Financeiras e Instituies de Pagamento;Conglomerado; ;SUMUP (conglomerado); ;0;2;0;2; ; ; ;
2022;3;Demais Bancos, Financeiras e Instituies de Pagamento;Banco/financeira;30980539;U4CRYPTO INSTITUIO DE PAGAMENTO SA; ;11;7;2;20;0;0;0;
2022;3;Demais Bancos, Financeiras e Instituies de Pagamento;Conglomerado; ;UBS (conglomerado); ;0;1;0;1;0;0; ;
2022;3;Demais Bancos, Financeiras e Instituies de Pagamento;Banco/financeira;05192316;VIA CERTA FINANCIADORA S.A. - CRDITO, FINANCIAMENTO E INVESTIMENTOS; ;2;5;2;9;459801;13555;450697;
2022;3;Demais Bancos, Financeiras e Instituies de Pagamento;Conglomerado; ;VOITER (conglomerado); ;0;4;3;7;201484;9550;192269;
2022;3;Demais Bancos, Financeiras e Instituies de Pagamento;Conglomerado; ;VOLKSWAGEN (conglomerado); ;14;41;55;110;324006;288;323852;
2022;3;Demais Bancos, Financeiras e Instituies de Pagamento;Conglomerado; ;VOLVO (conglomerado); ;0;1;0;1;8510;48;8501;
2022;3;Top 15 - Bancos, Financeiras e Instituies de Pagamento;Conglomerado; ;VOTORANTIM (conglomerado);20,82;293;440;128;861;14072909;10185831;5344217;
2022;3;Demais Bancos, Financeiras e Instituies de Pagamento;Conglomerado; ;VR (conglomerado); ;3;1;0;4;77;60;18;
2022;3;Demais Bancos, Financeiras e Instituies de Pagamento;Conglomerado; ;WESTERN UNION (conglomerado); ;4;2;2;8;1;1; ;
2022;3;Demais Bancos, Financeiras e Instituies de Pagamento;Conglomerado; ;WILL (conglomerado);60,50;200;127;162;489;3305651;3305651; ;
2022;3;Demais Bancos, Financeiras e Instituies de Pagamento;Banco/financeira;00991143;WORLDPAY DO BRASIL INSTITUICAO DE PAGAMENTO LTDA; ;0;1;0;1;55; ;55;
2022;3;Demais Bancos, Financeiras e Instituies de Pagamento;Conglomerado; ;XP (conglomerado);110,18;91;26;18;135;825881;818403;578173;
2022;3;Demais Bancos, Financeiras e Instituies de Pagamento;Conglomerado; ;YAMAHA MOTOR (conglomerado); ;2;21;16;39;215003;166;214868;