ano;trimestre;categoria;tipo;cnpj;instituicao_financeira;indice;qtd_reclamacoes_reguladas_procedentes;qtd_reclamacoes_reguladas_outras;qtd_reclamacoes_nao_reguladas;qtd_total_reclamacoes;qtd_total_clientes_ccs_e_scr;qtd_clientes_ccs;qtd_clientes_scr
2021;1;Grupo Secundrio;Conglomerado; ;ABC-BRASIL (conglomerado); ;2;3;4;9;26230;24698;3810
2021;1;Grupo Secundrio;Conglomerado; ;AGIBANK (conglomerado);54,79;58;140;73;271;1058431;790848;693843
2021;1;Grupo Secundrio;Banco/financeira;36321990;AGORACRED S/A SOCIEDADE DE CRDITO, FINANCIAMENTO E INVESTIMENTO; ;3;3;0;6;420692;129;420563
2021;1;Grupo Secundrio;Banco/financeira;27214112;AL5 S.A. CRDITO, FINANCIAMENTO E INVESTIMENTO; ;1;1;0;2;12645;4979;10112
2021;1;Grupo Secundrio;Conglomerado; ;ALFA (conglomerado); ;14;44;15;73;412135;268186;145105
2021;1;Grupo Secundrio;Conglomerado; ;ANDBANK (conglomerado); ;0;2;1;3;4383;4382;52
2021;1;Grupo Secundrio;Banco/financeira;03532415;BANCO ABN AMRO S.A.; ;0;0;3;3;98;71;31
2021;1;Grupo Secundrio;Banco/financeira;54403563;BANCO ARBI S.A.; ;1;0;0;1;18087;9312;8838
2021;1;Grupo Secundrio;Banco/financeira;02992446;BANCO CNH INDUSTRIAL CAPITAL S.A.; ;0;1;2;3;28352;1238;27399
2021;1;Grupo Secundrio;Banco/financeira;08357240;BANCO CSF S.A.;22,53;165;94;51;310;7322283; ;7322283
2021;1;Grupo Secundrio;Banco/financeira;04902979;BANCO DA AMAZONIA S.A.; ;4;1;7;12;540684;459756;194221
2021;1;Grupo Secundrio;Banco/financeira;10690848;BANCO DA CHINA BRASIL S.A.; ;0;1;0;1;469;452;32
2021;1;Grupo Secundrio;Banco/financeira;05040481;BANCO DE LAGE LANDEN BRASIL S.A.; ;0;1;0;1;36713;3;36711
2021;1;Grupo Secundrio;Banco/financeira;92874270;BANCO DIGIMAIS S.A.;484,31;143;36;54;233;295260;168966;177621
2021;1;Grupo Secundrio;Banco/financeira;27098060;BANCO DIGIO S.A.;25,71;40;100;64;204;1555646;594244;1515429
2021;1;Grupo Secundrio;Banco/financeira;13009717;BANCO DO ESTADO DE SERGIPE S.A.; ;11;25;9;45;1066464;834281;599884
2021;1;Grupo Secundrio;Banco/financeira;04913711;BANCO DO ESTADO DO PAR S.A.;46,20;39;10;12;61;844056;758236;347013
2021;1;Grupo Secundrio;Banco/financeira;07237373;BANCO DO NORDESTE DO BRASIL S.A.; ;19;8;20;47;8512373;7928582;3161435
2021;1;Grupo Secundrio;Banco/financeira;58616418;BANCO FIBRA S.A.; ;1;2;2;5;163619;3832;160325
2021;1;Grupo Secundrio;Banco/financeira;62237425;BANCO FIDIS S/A; ;0;2;0;2;6907;185;6739
2021;1;Grupo Secundrio;Banco/financeira;04866275;BANCO INBURSA S.A.; ;1;5;1;7;12367;12;12357
2021;1;Grupo Secundrio;Banco/financeira;91884981;BANCO JOHN DEERE S.A.; ;0;1;0;1;15036;254;14848
2021;1;Grupo Secundrio;Banco/financeira;59118133;BANCO LUSO BRASILEIRO S.A.; ;0;1;0;1;10071;4711;5719
2021;1;Grupo Secundrio;Banco/financeira;78632767;BANCO OURINVEST S.A.; ;0;1;0;1;42561;40252;2342
2021;1;Grupo Secundrio;Banco/financeira;61820817;BANCO PAULISTA S.A.; ;0;0;1;1;26002;7898;18366
2021;1;Grupo Secundrio;Banco/financeira;00795423;BANCO SEMEAR S.A.; ;4;0;1;5;290731;2996;287950
2021;1;Grupo Secundrio;Banco/financeira;11970623;BANCO SENFF S.A.; ;8;12;2;22;77251;106;77156
2021;1;Grupo Secundrio;Banco/financeira;07679404;BANCO TOPZIO S.A.; ;1;4;1;6;35261;16292;21125
2021;1;Grupo Secundrio;Banco/financeira;03215790;BANCO TOYOTA DO BRASIL S.A.; ;0;0;1;1;164435;15283;150113
2021;1;Grupo Secundrio;Banco/financeira;17351180;BANCO TRIANGULO S.A.; ;3;8;16;27;1953437;248674;1790932
2021;1;Grupo Secundrio;Banco/financeira;57839805;BANCO TRICURY S.A.; ;0;1;1;2;685;666;149
2021;1;Grupo Secundrio;Conglomerado; ;BANCOOB (conglomerado); ;19;31;18;68;4576738;2242360;2872105
2021;1;Grupo Secundrio;Conglomerado; ;BANESTES (conglomerado); ;21;22;5;48;1232727;1181686;473114
2021;1;Grupo Secundrio;Conglomerado; ;BANRISUL (conglomerado);24,99;127;349;60;536;5080031;3756328;3950764
2021;1;Grupo Secundrio;Conglomerado; ;BARIGUI (conglomerado); ;7;15;26;48;42559;15683;29761
2021;1;Top 10;Conglomerado; ;BB (conglomerado);21,25;1463;2782;2225;6470;68844801;65031349;30167056
2021;1;Grupo Secundrio;Conglomerado; ;BMG (conglomerado);165,20;1190;644;251;2085;7202992;3421046;5072090
2021;1;Grupo Secundrio;Conglomerado; ;BNP PARIBAS (conglomerado);181,98;447;250;90;787;2456247;12581;2444170
2021;1;Grupo Secundrio;Conglomerado; ;BNY MELLON (conglomerado); ;0;0;1;1;3744;3744; 
2021;1;Top 10;Conglomerado; ;BRADESCO (conglomerado);22,78;2248;3913;2591;8752;98648524;89718703;43974719
2021;1;Grupo Secundrio;Conglomerado; ;BRB (conglomerado);107,93;120;149;140;409;1111807;999840;498848
2021;1;Grupo Secundrio;Conglomerado; ;BTG PACTUAL (conglomerado); ;29;44;60;133;766998;679113;147461
2021;1;Grupo Secundrio;Conglomerado; ;C6 BANK (conglomerado);979,53;5940;598;207;6745;6064085;5139889;1748590
2021;1;Top 10;Conglomerado; ;CAIXA ECONMICA FEDERAL (conglomerado);36,20;5263;6341;4920;16524;145367310;143826538;22933543
2021;1;Grupo Secundrio;Banco/financeira;09313766;CARUANA S.A. - SOCIEDADE DE CRDITO, FINANCIAMENTO E INVESTIMENTO; ;1;2;1;4;71736;65584;11640
2021;1;Grupo Secundrio;Conglomerado; ;CCB (conglomerado); ;10;126;15;151;224649;3762;221472
2021;1;Grupo Secundrio;Conglomerado; ;CITIBANK (conglomerado); ;1;11;2;14;17612;16889;1620
2021;1;Grupo Secundrio;Conglomerado; ;COLOMBO (conglomerado); ;0;3;1;4;331101; ;331101
2021;1;Grupo Secundrio;Conglomerado; ;CREFISA (conglomerado); ;25;184;52;261;2255383;1184391;1562138
2021;1;Grupo Secundrio;Conglomerado; ;DAYCOVAL (conglomerado);274,48;331;400;113;844;1205882;138048;1094686
2021;1;Grupo Secundrio;Banco/financeira;62331228;DEUTSCHE BANK S.A. - BANCO ALEMAO; ;0;1;0;1;2112;2093;164
2021;1;Grupo Secundrio;Banco/financeira;15581638;FACTA FINANCEIRA S.A. - CRDITO FINANCIAMENTO E INVESTIMENTO;620,55;70;151;3;224;112802;664;112141
2021;1;Grupo Secundrio;Banco/financeira;00411939;FINAMAX S.A. - CREDITO, FINANCIAMENTO E INVESTIMENTO; ;0;2;3;5;87041;1715;85381
2021;1;Grupo Secundrio;Conglomerado; ;FINAXIS (conglomerado); ;0;1;0;1;4066;4066; 
2021;1;Grupo Secundrio;Conglomerado; ;GENIAL (conglomerado); ;5;3;2;10;16008;16003;35
2021;1;Grupo Secundrio;Conglomerado; ;GM (conglomerado); ;5;14;23;42;309105;473;308711
2021;1;Grupo Secundrio;Conglomerado; ;GRUPO BONSUCESSO - BS2 (conglomerado);105,42;82;162;83;327;777801;771754;17097
2021;1;Grupo Secundrio;Conglomerado; ;GRUPO ZEMA (conglomerado); ;1;4;4;9;439232;570;438672
2021;1;Grupo Secundrio;Conglomerado; ;HERVAL - HS (conglomerado); ;3;7;0;10;213321;13314;202222
2021;1;Grupo Secundrio;Conglomerado; ;HONDA (conglomerado); ;0;3;6;9;443975;101;443942
2021;1;Grupo Secundrio;Conglomerado; ;INDUSTRIAL DO BRASIL (conglomerado); ;17;22;7;46;65443;4487;61782
2021;1;Grupo Secundrio;Conglomerado; ;INDUSVAL (conglomerado); ;1;0;3;4;5298;4796;785
2021;1;Top 10;Conglomerado; ;INTER (conglomerado);129,26;1245;582;362;2189;9631304;9500388;1557039
2021;1;Top 10;Conglomerado; ;ITAU (conglomerado);19,72;1636;3086;2156;6878;82955510;63980098;49391035
2021;1;Grupo Secundrio;Banco/financeira;04230630;JBCRED S.A. SOCIEDADE DE CREDITO, FINANCIAMENTO E INVESTIMENTO; ;2;2;3;7;49879; ;49879
2021;1;Grupo Secundrio;Conglomerado; ;JP MORGAN CHASE (conglomerado); ;0;1;0;1;3931;3914;129
2021;1;Grupo Secundrio;Banco/financeira;11271860;LEBES FINANCEIRA S.A. - CRDITO, FINANCIAMENTO E INVESTIMENTO; ;1;0;0;1;4;4; 
2021;1;Grupo Secundrio;Conglomerado; ;LECCA (conglomerado); ;3;3;1;7;26060;418;25643
2021;1;Grupo Secundrio;Conglomerado; ;MXIMA (conglomerado);568,89;57;44;18;119;100194;4444;95896
2021;1;Grupo Secundrio;Conglomerado; ;MERCANTIL DO BRASIL (conglomerado);65,23;227;104;38;369;3479596;2945439;1733419
2021;1;Grupo Secundrio;Conglomerado; ;MERCEDES-BENZ (conglomerado); ;1;0;4;5;20651;252;20473
2021;1;Top 10;Banco/financeira;09464032;MIDWAY S.A. - CRDITO, FINANCIAMENTO E INVESTIMENTO;2,77;30;91;50;171;10797493;208;10797426
2021;1;Grupo Secundrio;Conglomerado; ;MODAL (conglomerado); ;25;53;34;112;1064679;1064679; 
2021;1;Grupo Secundrio;Banco/financeira;74828799;NOVO BANCO CONTINENTAL S.A. - BANCO MLTIPLO; ;11;22;0;33;91784;3074;89140
2021;1;Top 10;Conglomerado; ;NUBANK (conglomerado); 0 ;0;8;11;19;13774766;12716441;1936741
2021;1;Grupo Secundrio;Conglomerado; ;OMNI (conglomerado);6,81;32;51;53;136;4695792;9119;4690354
2021;1;Grupo Secundrio;Conglomerado; ;ORIGINAL (conglomerado);79,22;316;289;239;844;3988641;3643140;820078
2021;1;Grupo Secundrio;Conglomerado; ;PAGBANK-PAGSEGURO (conglomerado); ;0;6;0;6;2476342;2471600;5042
2021;1;Top 10;Conglomerado; ;PAN (conglomerado);245,28;2185;1182;586;3953;8907890;3543823;6252547
2021;1;Grupo Secundrio;Conglomerado; ;PARAN BANCO (conglomerado);228,46;111;252;19;382;485854;9678;476431
2021;1;Grupo Secundrio;Banco/financeira;03311443;PARATI - CREDITO, FINANCIAMENTO E INVESTIMENTO S.A.; ;6;3;0;9;3843;0;3843
2021;1;Grupo Secundrio;Banco/financeira;43180355;PEFISA S.A. - CRDITO, FINANCIAMENTO E INVESTIMENTO;12,90;81;36;16;133;6279057;5846351;2878477
2021;1;Grupo Secundrio;Conglomerado; ;PINE (conglomerado); ;0;0;1;1;12831;10476;2993
2021;1;Grupo Secundrio;Conglomerado; ;PORTO SEGURO (conglomerado);29,12;80;114;64;258;2747125; ;2747125
2021;1;Grupo Secundrio;Banco/financeira;01800019;PORTOCRED S.A. - CREDITO, FINANCIAMENTO E INVESTIMENTO; ;29;43;15;87;228987;3382;225607
2021;1;Grupo Secundrio;Banco/financeira;27351731;REALIZE CRDITO, FINANCIAMENTO E INVESTIMENTO S.A.; ;6;31;22;59;4979229;45;4979205
2021;1;Grupo Secundrio;Conglomerado; ;RENDIMENTO (conglomerado); ;4;2;0;6;24379;20273;6735
2021;1;Grupo Secundrio;Conglomerado; ;RODOBENS (conglomerado); ;2;2;1;5;13539;1620;12328
2021;1;Grupo Secundrio;Conglomerado; ;SAFRA (conglomerado);281,53;896;793;399;2088;3182584;1451405;1959556
2021;1;Grupo Secundrio;Banco/financeira;05503849;SANTANA S.A. - CRDITO, FINANCIAMENTO E INVESTIMENTO; ;1;1;0;2;29195;1250;27947
2021;1;Top 10;Conglomerado; ;SANTANDER (conglomerado);31,38;1611;3279;1706;6596;51331984;42880457;25493933
2021;1;Grupo Secundrio;Banco/financeira;00122327;SANTINVEST S.A. - CREDITO, FINANCIAMENTO E INVESTIMENTOS; ;1;2;0;3;14370;634;13736
2021;1;Grupo Secundrio;Banco/financeira;07747410;SAX S.A. - CRDITO, FINANCIAMENTO E INVESTIMENTO; ;2;4;2;8;853173; ;853173
2021;1;Grupo Secundrio;Conglomerado; ;SICREDI (conglomerado); ;0;0;1;1;5562671;5541402;177298
2021;1;Grupo Secundrio;Banco/financeira;03881423;SOCINAL S.A. - CRDITO, FINANCIAMENTO E INVESTIMENTO; ;0;1;5;6;3398;1813;1585
2021;1;Grupo Secundrio;Conglomerado; ;SOFISA (conglomerado); ;25;17;26;68;314921;306391;14980
2021;1;Grupo Secundrio;Conglomerado; ;SOROCRED (conglomerado); ;12;21;21;54;720886;1196;719752
2021;1;Grupo Secundrio;Conglomerado; ;UBS (conglomerado); ;0;3;1;4;0;0; 
2021;1;Grupo Secundrio;Banco/financeira;05192316;VIA CERTA FINANCIADORA S.A. - CRDITO, FINANCIAMENTO E INVESTIMENTOS; ;0;2;2;4;412934;1008;411929
2021;1;Grupo Secundrio;Conglomerado; ;VOLKSWAGEN (conglomerado); ;24;14;35;73;377032;1196;376129
2021;1;Grupo Secundrio;Conglomerado; ;VOLVO (conglomerado); ;0;0;1;1;7736;88;7727
2021;1;Top 10;Conglomerado; ;VOTORANTIM (conglomerado);4,57;69;428;206;703;15074861;11512143;4668540
2021;1;Grupo Secundrio;Conglomerado; ;WESTERN UNION (conglomerado); ;3;0;0;3;1;1; 
2021;1;Grupo Secundrio;Banco/financeira;23862762;WILL FINANCEIRA S.A. CRDITO, FINANCIAMENTO E INVESTIMENTO; ;16;15;17;48;1548186;1546806;314656
2021;1;Grupo Secundrio;Conglomerado; ;YAMAHA MOTOR (conglomerado); ;6;4;7;17;197837;61;197782
2021;2;Demais bancos e financeiras;Conglomerado; ;ABC-BRASIL (conglomerado); ;0;2;0;2;28022;26485;3921
2021;2;Demais bancos e financeiras;Conglomerado; ;AGIBANK (conglomerado);59,49;68;205;84;357;1142941;868256;756080
2021;2;Demais bancos e financeiras;Banco/financeira;36321990;AGORACRED S/A SOCIEDADE DE CRDITO, FINANCIAMENTO E INVESTIMENTO; ;2;4;1;7;433738;130;433608
2021;2;Demais bancos e financeiras;Banco/financeira;27214112;AL5 S.A. CRDITO, FINANCIAMENTO E INVESTIMENTO; ;1;1;1;3;15074;6675;11288
2021;2;Demais bancos e financeiras;Conglomerado; ;ALFA (conglomerado); ;19;32;16;67;416540;268174;149521
2021;2;Demais bancos e financeiras;Conglomerado; ;ANDBANK (conglomerado); ;0;2;3;5;4320;4320;44
2021;2;Demais bancos e financeiras;Banco/financeira;03532415;BANCO ABN AMRO S.A.; ;0;0;1;1;76;54;23
2021;2;Demais bancos e financeiras;Banco/financeira;54403563;BANCO ARBI S.A.; ;6;3;2;11;19525;11177;8411
2021;2;Demais bancos e financeiras;Banco/financeira;15173776;BANCO CAPITAL S.A.; ;0;1;0;1;1354;1312;124
2021;2;Demais bancos e financeiras;Banco/financeira;02992446;BANCO CNH INDUSTRIAL CAPITAL S.A.; ;0;0;1;1;27828;1237;26867
2021;2;Demais bancos e financeiras;Banco/financeira;08357240;BANCO CSF S.A.;26,30;192;93;73;358;7297674; ;7297674
2021;2;Demais bancos e financeiras;Banco/financeira;04902979;BANCO DA AMAZONIA S.A.; ;2;6;12;20;548402;468836;194802
2021;2;Demais bancos e financeiras;Banco/financeira;05040481;BANCO DE LAGE LANDEN BRASIL S.A.; ;0;0;1;1;36294;3;36292
2021;2;Demais bancos e financeiras;Banco/financeira;92874270;BANCO DIGIMAIS S.A.;212,14;79;23;26;128;372393;238155;195709
2021;2;Demais bancos e financeiras;Banco/financeira;27098060;BANCO DIGIO S.A.;18,73;30;64;41;135;1601177;827359;1355127
2021;2;Demais bancos e financeiras;Banco/financeira;13009717;BANCO DO ESTADO DE SERGIPE S.A.; ;18;20;14;52;1074923;837994;605860
2021;2;Demais bancos e financeiras;Banco/financeira;04913711;BANCO DO ESTADO DO PAR S.A.;33,77;30;23;15;68;888326;764874;396722
2021;2;Demais bancos e financeiras;Banco/financeira;07237373;BANCO DO NORDESTE DO BRASIL S.A.; ;27;23;30;80;8679633;8095479;3223472
2021;2;Demais bancos e financeiras;Banco/financeira;58616418;BANCO FIBRA S.A.; ;0;2;3;5;163669;4032;160187
2021;2;Demais bancos e financeiras;Banco/financeira;62237425;BANCO FIDIS S/A; ;0;2;0;2;5972;183;5807
2021;2;Demais bancos e financeiras;Banco/financeira;90731688;BANCO FORD S.A.; ;0;1;1;2;341;147;205
2021;2;Demais bancos e financeiras;Banco/financeira;04866275;BANCO INBURSA S.A.; ;3;1;3;7;12478;11;12467
2021;2;Demais bancos e financeiras;Banco/financeira;91884981;BANCO JOHN DEERE S.A.; ;1;1;0;2;14199;254;14008
2021;2;Demais bancos e financeiras;Banco/financeira;59118133;BANCO LUSO BRASILEIRO S.A.; ;1;0;0;1;9668;4682;5351
2021;2;Demais bancos e financeiras;Banco/financeira;78632767;BANCO OURINVEST S.A.; ;0;2;0;2;44303;41822;2504
2021;2;Demais bancos e financeiras;Banco/financeira;61820817;BANCO PAULISTA S.A.; ;0;0;2;2;27172;7769;19666
2021;2;Demais bancos e financeiras;Banco/financeira;00795423;BANCO SEMEAR S.A.; ;3;4;2;9;282882;3185;279988
2021;2;Demais bancos e financeiras;Banco/financeira;11970623;BANCO SENFF S.A.; ;4;12;4;20;89047;15993;73551
2021;2;Demais bancos e financeiras;Conglomerado; ;BANCO SICOOB (conglomerado); ;8;11;11;30;4794630;2308218;3042206
2021;2;Demais bancos e financeiras;Banco/financeira;60518222;BANCO SUMITOMO MITSUI BRASILEIRO S.A.; ;0;0;1;1;1063;1023;126
2021;2;Demais bancos e financeiras;Banco/financeira;07679404;BANCO TOPZIO S.A.; ;6;3;1;10;36623;15733;22906
2021;2;Demais bancos e financeiras;Banco/financeira;03215790;BANCO TOYOTA DO BRASIL S.A.; ;4;1;8;13;159896;15262;145562
2021;2;Demais bancos e financeiras;Banco/financeira;17351180;BANCO TRIANGULO S.A.; ;15;3;10;28;1995911;293864;1829315
2021;2;Demais bancos e financeiras;Conglomerado; ;BANESTES (conglomerado); ;27;18;21;66;1333666;1283821;475598
2021;2;Demais bancos e financeiras;Conglomerado; ;BANRISUL (conglomerado);37,20;188;365;107;660;5052830;3715613;3951732
2021;2;Demais bancos e financeiras;Conglomerado; ;BARIGUI (conglomerado); ;16;14;12;42;99110;71651;34901
2021;2;Top 10 - Bancos e Financeiras;Conglomerado; ;BB (conglomerado);21,09;1456;1880;1846;5182;69010996;64888224;30699885
2021;2;Demais bancos e financeiras;Banco/financeira;20443996;BECKER FINANCEIRA S.A. - CRDITO, FINANCIAMENTO E INVESTIMENTO; ;0;0;1;1;119246;8;119241
2021;2;Demais bancos e financeiras;Conglomerado; ;BMG (conglomerado);101,86;795;669;264;1728;7804650;4171643;5102142
2021;2;Demais bancos e financeiras;Conglomerado; ;BMW (conglomerado); ;0;0;2;2;27683;25442;21342
2021;2;Demais bancos e financeiras;Conglomerado; ;BNP PARIBAS (conglomerado);192,10;456;268;94;818;2373655;11796;2362365
2021;2;Demais bancos e financeiras;Conglomerado; ;BOFA MERRILL LYNCH (conglomerado); ;0;1;0;1;4484;4477;103
2021;2;Top 10 - Bancos e Financeiras;Conglomerado; ;BRADESCO (conglomerado);25,33;2515;4076;3048;9639;99260817;90494990;43726399
2021;2;Demais bancos e financeiras;Conglomerado; ;BRB (conglomerado);103,70;182;257;363;802;1754926;1641288;824217
2021;2;Top 10 - Bancos e Financeiras;Conglomerado; ;BTG PACTUAL/BANCO PAN (conglomerado);103,44;1301;1352;977;3630;12576773;6775722;7288816
2021;2;Demais bancos e financeiras;Conglomerado; ;C6 BANK (conglomerado);433,76;3672;1335;763;5770;8465478;7373617;2346096
2021;2;Top 10 - Bancos e Financeiras;Conglomerado; ;CAIXA ECONMICA FEDERAL (conglomerado);32,13;4681;5868;5457;16006;145684233;144161902;23113938
2021;2;Demais bancos e financeiras;Banco/financeira;09313766;CARUANA S.A. - SOCIEDADE DE CRDITO, FINANCIAMENTO E INVESTIMENTO; ;2;3;5;10;75187;69362;11217
2021;2;Demais bancos e financeiras;Conglomerado; ;CCB (conglomerado); ;7;111;11;129;216849;3711;213723
2021;2;Demais bancos e financeiras;Conglomerado; ;CITIBANK (conglomerado); ;0;2;1;3;17853;16946;1807
2021;2;Demais bancos e financeiras;Conglomerado; ;COLOMBO (conglomerado); ;0;2;0;2;339230;29;339215
2021;2;Demais bancos e financeiras;Conglomerado; ;CREFISA (conglomerado);24,89;61;258;35;354;2450772;1373583;1571876
2021;2;Demais bancos e financeiras;Conglomerado; ;DAYCOVAL (conglomerado);777,01;1004;530;122;1656;1292129;150778;1171932
2021;2;Demais bancos e financeiras;Banco/financeira;15581638;FACTA FINANCEIRA S.A. - CRDITO FINANCIAMENTO E INVESTIMENTO;555,73;89;269;19;377;160147;667;159483
2021;2;Demais bancos e financeiras;Banco/financeira;36583700;FC FINANCEIRA S.A. - CRDITO, FINANCIAMENTO E INVESTIMENTO; ;1;0;2;3;5554; ;5554
2021;2;Demais bancos e financeiras;Banco/financeira;00411939;FINAMAX S.A. - CREDITO, FINANCIAMENTO E INVESTIMENTO; ;0;2;4;6;85499;1689;83865
2021;2;Demais bancos e financeiras;Conglomerado; ;GAZIN (conglomerado); ;0;0;1;1;35777;292;35512
2021;2;Demais bancos e financeiras;Conglomerado; ;GENIAL (conglomerado); ;16;4;3;23;106974;106969;39
2021;2;Demais bancos e financeiras;Conglomerado; ;GM (conglomerado); ;8;19;14;41;297112;470;296722
2021;2;Demais bancos e financeiras;Conglomerado; ;GRUPO BONSUCESSO - BS2 (conglomerado);155,90;132;170;75;377;846668;841035;16924
2021;2;Demais bancos e financeiras;Conglomerado; ;GRUPO ZEMA (conglomerado); ;1;3;3;7;445945;574;445387
2021;2;Demais bancos e financeiras;Conglomerado; ;HERVAL - HS (conglomerado); ;5;3;5;13;219304;21827;201401
2021;2;Demais bancos e financeiras;Conglomerado; ;HONDA (conglomerado); ;6;5;9;20;436893;97;436869
2021;2;Demais bancos e financeiras;Conglomerado; ;INDUSTRIAL DO BRASIL (conglomerado); ;13;12;4;29;64088;4461;60409
2021;2;Top 10 - Bancos e Financeiras;Conglomerado; ;INTER (conglomerado);66,79;766;652;368;1786;11467628;11343042;1758019
2021;2;Top 10 - Bancos e Financeiras;Conglomerado; ;ITAU (conglomerado);17,59;1508;3312;1707;6527;85710724;67286470;49517795
2021;2;Demais bancos e financeiras;Banco/financeira;04230630;JBCRED S.A. SOCIEDADE DE CREDITO, FINANCIAMENTO E INVESTIMENTO; ;2;4;8;14;51049; ;51049
2021;2;Demais bancos e financeiras;Banco/financeira;11271860;LEBES FINANCEIRA S.A. - CRDITO, FINANCIAMENTO E INVESTIMENTO; ;2;0;0;2;248335;4;248331
2021;2;Demais bancos e financeiras;Conglomerado; ;LECCA (conglomerado); ;2;0;1;3;26488;382;26107
2021;2;Demais bancos e financeiras;Banco/financeira;07747410;M PAGAMENTOS S.A. - CRDITO FINANCIAMENTO E INVESTIMENTO; ;3;0;4;7;565126; ;565126
2021;2;Demais bancos e financeiras;Conglomerado; ;MASTER (conglomerado);811,55;80;69;19;168;98576;4627;94106
2021;2;Demais bancos e financeiras;Conglomerado; ;MERCADO CRDITO (conglomerado); ;0;0;1;1;24423; ;24423
2021;2;Demais bancos e financeiras;Conglomerado; ;MERCANTIL DO BRASIL (conglomerado);136,69;506;120;89;715;3701652;3094835;1793853
2021;2;Demais bancos e financeiras;Conglomerado; ;MERCEDES-BENZ (conglomerado); ;0;0;6;6;20275;298;20052
2021;2;Top 10 - Bancos e Financeiras;Banco/financeira;09464032;MIDWAY S.A. - CRDITO, FINANCIAMENTO E INVESTIMENTO;2,45;26;78;57;161;10604729;15784;10597182
2021;2;Demais bancos e financeiras;Conglomerado; ;MODAL (conglomerado); ;6;37;24;67;1153324;1153187;26671
2021;2;Demais bancos e financeiras;Banco/financeira;04379829;NEGRESCO S.A. - CREDITO, FINANCIAMENTO E INVESTIMENTOS; ;0;2;1;3;427479;675;426804
2021;2;Demais bancos e financeiras;Banco/financeira;74828799;NOVO BANCO CONTINENTAL S.A. - BANCO MLTIPLO; ;13;51;0;64;94773;3107;92103
2021;2;Top 10 - Bancos e Financeiras;Conglomerado; ;NUBANK (conglomerado); 0 ;0;12;13;25;17916854;16551605;2682699
2021;2;Demais bancos e financeiras;Conglomerado; ;OMNI (conglomerado); ;21;60;58;139;4908486;146058;4773941
2021;2;Demais bancos e financeiras;Conglomerado; ;ORIGINAL (conglomerado);67,64;320;350;286;956;4730387;4021930;1350520
2021;2;Demais bancos e financeiras;Conglomerado; ;PAGBANK-PAGSEGURO (conglomerado); ;7;6;0;13;3013459;3008456;5432
2021;2;Demais bancos e financeiras;Conglomerado; ;PARAN BANCO (conglomerado);181,00;88;252;46;386;486166;9815;476614
2021;2;Demais bancos e financeiras;Banco/financeira;03311443;PARATI - CREDITO, FINANCIAMENTO E INVESTIMENTO S.A.; ;28;9;2;39;1616; ;1616
2021;2;Demais bancos e financeiras;Banco/financeira;43180355;PEFISA S.A. - CRDITO, FINANCIAMENTO E INVESTIMENTO;17,46;115;50;27;192;6583040;6167980;2911088
2021;2;Demais bancos e financeiras;Conglomerado; ;PINE (conglomerado); ;0;0;2;2;13502;10883;3284
2021;2;Demais bancos e financeiras;Conglomerado; ;PORTO SEGURO (conglomerado);20,57;59;96;49;204;2867211; ;2867211
2021;2;Demais bancos e financeiras;Banco/financeira;01800019;PORTOCRED S.A. - CREDITO, FINANCIAMENTO E INVESTIMENTO; ;29;39;17;85;226210;3382;222831
2021;2;Demais bancos e financeiras;Banco/financeira;27351731;REALIZE CRDITO, FINANCIAMENTO E INVESTIMENTO S.A.; ;26;49;28;103;4814788;48;4814765
2021;2;Demais bancos e financeiras;Conglomerado; ;RENDIMENTO (conglomerado); ;3;13;0;16;25046;21084;6538
2021;2;Demais bancos e financeiras;Conglomerado; ;RODOBENS (conglomerado); ;1;1;3;5;14012;1661;12750
2021;2;Demais bancos e financeiras;Conglomerado; ;SAFRA (conglomerado);188,09;639;832;436;1907;3397199;1684220;1967050
2021;2;Demais bancos e financeiras;Banco/financeira;05503849;SANTANA S.A. - CRDITO, FINANCIAMENTO E INVESTIMENTO; ;0;2;2;4;29406;1253;28155
2021;2;Top 10 - Bancos e Financeiras;Conglomerado; ;SANTANDER (conglomerado);28,88;1514;3182;2032;6728;52415407;43972399;26478061
2021;2;Demais bancos e financeiras;Conglomerado; ;SICREDI (conglomerado); ;0;0;4;4;5841394;5821054;180304
2021;2;Demais bancos e financeiras;Conglomerado; ;SIMPALA (conglomerado); ;1;0;0;1;2271;20;2251
2021;2;Demais bancos e financeiras;Conglomerado; ;SINOSSERRA (conglomerado); ;1;0;0;1;9729;99;9636
2021;2;Demais bancos e financeiras;Conglomerado; ;SOCIETE GENERALE (conglomerado); ;0;1;0;1;670;552;161
2021;2;Demais bancos e financeiras;Banco/financeira;03881423;SOCINAL S.A. - CRDITO, FINANCIAMENTO E INVESTIMENTO; ;1;5;9;15;1992;467;1525
2021;2;Demais bancos e financeiras;Conglomerado; ;SOFISA (conglomerado);119,21;41;9;20;70;343924;334626;16236
2021;2;Demais bancos e financeiras;Conglomerado; ;SOROCRED (conglomerado); ;7;28;23;58;602379;1090;601342
2021;2;Demais bancos e financeiras;Banco/financeira;05192316;VIA CERTA FINANCIADORA S.A. - CRDITO, FINANCIAMENTO E INVESTIMENTOS; ;1;3;2;6;407511;1010;406505
2021;2;Demais bancos e financeiras;Conglomerado; ;VOITER (conglomerado); ;0;3;1;4;5810;5261;840
2021;2;Demais bancos e financeiras;Conglomerado; ;VOLKSWAGEN (conglomerado);95,31;35;22;55;112;367195;945;366420
2021;2;Demais bancos e financeiras;Conglomerado; ;VOLVO (conglomerado); ;0;0;2;2;7220;92;7169
2021;2;Top 10 - Bancos e Financeiras;Conglomerado; ;VOTORANTIM (conglomerado);4,64;78;394;277;749;16774345;13340345;4830730
2021;2;Demais bancos e financeiras;Conglomerado; ;VR (conglomerado); ;1;0;0;1;70;53;18
2021;2;Demais bancos e financeiras;Conglomerado; ;WESTERN UNION (conglomerado); ;1;3;0;4;1;1; 
2021;2;Demais bancos e financeiras;Banco/financeira;23862762;WILL FINANCEIRA S.A. CRDITO, FINANCIAMENTO E INVESTIMENTO;26,70;46;9;16;71;1722341;1721730;406890
2021;2;Demais bancos e financeiras;Conglomerado; ;XP (conglomerado); ;11;2;8;21; ; ; 
2021;2;Demais bancos e financeiras;Conglomerado; ;YAMAHA MOTOR (conglomerado); ;4;4;7;15;204014;77;203946
2022;1;Demais Bancos, Financeiras e Instituies de Pagamento;Conglomerado; ;ABC-BRASIL (conglomerado); ;3;1;4;8;38792;37048;4559
2022;1;Demais Bancos, Financeiras e Instituies de Pagamento;Banco/financeira;13140088;ACESSO SOLUES DE PAGAMENTO S.A.;13,24;30;38;3;71;2265540;2265540; 
2022;1;Demais Bancos, Financeiras e Instituies de Pagamento;Conglomerado; ;AGIBANK (conglomerado);77,63;132;223;79;434;1700228;1375944;1011273
2022;1;Demais Bancos, Financeiras e Instituies de Pagamento;Banco/financeira;36321990;AGORACRED S/A SOCIEDADE DE CRDITO, FINANCIAMENTO E INVESTIMENTO; ;1;2;2;5;497481;132;497349
2022;1;Demais Bancos, Financeiras e Instituies de Pagamento;Banco/financeira;27214112;AL5 S.A. CRDITO, FINANCIAMENTO E INVESTIMENTO; ;0;2;3;5;27283;15337;16622
2022;1;Demais Bancos, Financeiras e Instituies de Pagamento;Conglomerado; ;ALFA (conglomerado); ;12;35;10;57;418830;267342;152627
2022;1;Demais Bancos, Financeiras e Instituies de Pagamento;Conglomerado; ;ANDBANK (conglomerado); ;0;0;1;1;4374;4374;33
2022;1;Demais Bancos, Financeiras e Instituies de Pagamento;Banco/financeira;19540550;ASAAS GESTO FINANCEIRA INSTITUIO DE PAGAMENTO S.A.; ;3;11;2;16;296526;296526; 
2022;1;Demais Bancos, Financeiras e Instituies de Pagamento;Banco/financeira;54403563;BANCO ARBI S.A.; ;7;13;0;20;48842;40411;9387
2022;1;Demais Bancos, Financeiras e Instituies de Pagamento;Banco/financeira;00997185;BANCO B3 S.A.; ;1;0;3;4;874;874; 
2022;1;Demais Bancos, Financeiras e Instituies de Pagamento;Banco/financeira;33132044;BANCO CEDULA S.A.; ;0;2;0;2;18016;2809;15430
2022;1;Demais Bancos, Financeiras e Instituies de Pagamento;Banco/financeira;02992446;BANCO CNH INDUSTRIAL CAPITAL S.A.; ;2;0;0;2;29075;1232;27996
2022;1;Demais Bancos, Financeiras e Instituies de Pagamento;Banco/financeira;08357240;BANCO CSF S.A.;12,63;94;86;26;206;7437471; ;7437471
2022;1;Demais Bancos, Financeiras e Instituies de Pagamento;Banco/financeira;04902979;BANCO DA AMAZONIA S.A.; ;3;3;5;11;563256;488547;195226
2022;1;Demais Bancos, Financeiras e Instituies de Pagamento;Banco/financeira;92874270;BANCO DIGIMAIS S.A.;657,93;217;48;44;309;329820;172712;211804
2022;1;Demais Bancos, Financeiras e Instituies de Pagamento;Banco/financeira;13009717;BANCO DO ESTADO DE SERGIPE S.A.; ;21;22;13;56;1106905;832301;650078
2022;1;Demais Bancos, Financeiras e Instituies de Pagamento;Banco/financeira;04913711;BANCO DO ESTADO DO PAR S.A.; ;19;25;14;58;943319;820262;419303
2022;1;Demais Bancos, Financeiras e Instituies de Pagamento;Banco/financeira;07237373;BANCO DO NORDESTE DO BRASIL S.A.; ;9;26;31;66;9079293;8496689;3340534
2022;1;Demais Bancos, Financeiras e Instituies de Pagamento;Banco/financeira;58616418;BANCO FIBRA S.A.; ;1;1;0;2;163906;4390;160140
2022;1;Demais Bancos, Financeiras e Instituies de Pagamento;Banco/financeira;62237425;BANCO FIDIS S/A; ;1;0;0;1;892;179;733
2022;1;Demais Bancos, Financeiras e Instituies de Pagamento;Banco/financeira;53518684;BANCO HSBC S.A.; ;0;0;5;5;3528;3515;76
2022;1;Demais Bancos, Financeiras e Instituies de Pagamento;Banco/financeira;04866275;BANCO INBURSA S.A.; ;12;7;4;23;20983;10;20973
2022;1;Demais Bancos, Financeiras e Instituies de Pagamento;Banco/financeira;33588252;BANCO INDUSCRED DE INVESTIMENTO S.A.; ;1;0;0;1;104;27;84
2022;1;Demais Bancos, Financeiras e Instituies de Pagamento;Banco/financeira;78632767;BANCO OURINVEST S.A.; ;2;8;1;11;131481;127917;3611
2022;1;Demais Bancos, Financeiras e Instituies de Pagamento;Banco/financeira;61820817;BANCO PAULISTA S.A.; ;10;0;0;10;46760;7922;39134
2022;1;Demais Bancos, Financeiras e Instituies de Pagamento;Banco/financeira;01023570;BANCO RABOBANK INTERNATIONAL BRASIL S.A.; ;0;1;0;1;3831;3643;1751
2022;1;Demais Bancos, Financeiras e Instituies de Pagamento;Banco/financeira;80271455;BANCO RNX S.A.; ;0;0;1;1;2261;57;2219
2022;1;Demais Bancos, Financeiras e Instituies de Pagamento;Banco/financeira;00795423;BANCO SEMEAR S.A.; ;0;2;1;3;311109;4418;307467
2022;1;Demais Bancos, Financeiras e Instituies de Pagamento;Conglomerado; ;BANCO SICOOB (conglomerado); ;26;36;9;71;5462202;2521215;3574459
2022;1;Demais Bancos, Financeiras e Instituies de Pagamento;Banco/financeira;07679404;BANCO TOPZIO S.A.; ;1;2;2;5;13722;12530;2947
2022;1;Demais Bancos, Financeiras e Instituies de Pagamento;Conglomerado; ;BANCO TOYOTA DO BRASIL S.A. (conglomerado); ;2;5;6;13;151938;15265;137558
2022;1;Demais Bancos, Financeiras e Instituies de Pagamento;Banco/financeira;17351180;BANCO TRIANGULO S.A.; ;11;21;11;43;1938394;633710;1737249
2022;1;Demais Bancos, Financeiras e Instituies de Pagamento;Conglomerado; ;BANESTES (conglomerado); ;24;25;16;65;1367792;1317332;479206
2022;1;Demais Bancos, Financeiras e Instituies de Pagamento;Conglomerado; ;BANRISUL (conglomerado);14,72;75;233;95;403;5091709;3710716;3974497
2022;1;Demais Bancos, Financeiras e Instituies de Pagamento;Conglomerado; ;BARIGUI (conglomerado); ;26;54;13;93;309334;279133;63834
2022;1;Top 15 - Bancos, Financeiras e Instituies de Pagamento;Conglomerado; ;BB (conglomerado);12,32;891;1819;1116;3826;72316273;66161824;33862615
2022;1;Demais Bancos, Financeiras e Instituies de Pagamento;Banco/financeira;20443996;BECKER FINANCEIRA S.A. - CRDITO, FINANCIAMENTO E INVESTIMENTO; ;0;0;1;1;146480;7;146476
2022;1;Demais Bancos, Financeiras e Instituies de Pagamento;Banco/financeira;11285104;BIORC FINANCEIRA - CRDITO, FINANCIAMENTO E INVESTIMENTO S.A.; ;0;1;0;1;18268;254;18014
2022;1;Top 15 - Bancos, Financeiras e Instituies de Pagamento;Conglomerado; ;BMG (conglomerado);47,20;489;577;118;1184;10358318;6712419;5648428
2022;1;Demais Bancos, Financeiras e Instituies de Pagamento;Conglomerado; ;BMW (conglomerado); ;1;2;1;4;28673;26682;20291
2022;1;Demais Bancos, Financeiras e Instituies de Pagamento;Conglomerado; ;BNP PARIBAS (conglomerado);79,87;173;313;58;544;2165958;11882;2154555
2022;1;Demais Bancos, Financeiras e Instituies de Pagamento;Conglomerado; ;BNQI - FINANCEIRO (conglomerado); ;29;74;5;108; ; ; 
2022;1;Demais Bancos, Financeiras e Instituies de Pagamento;Conglomerado; ;BOCOM (conglomerado); ;1;0;0;1;8804;7271;2068
2022;1;Demais Bancos, Financeiras e Instituies de Pagamento;Conglomerado; ;BOFA MERRILL LYNCH (conglomerado); ;0;1;0;1;4697;4691;110
2022;1;Demais Bancos, Financeiras e Instituies de Pagamento;Banco/financeira;13370835;BPP INSTITUIO DE PAGAMENTO S.A.;18,40;36;18;3;57;1955803;1955803; 
2022;1;Top 15 - Bancos, Financeiras e Instituies de Pagamento;Conglomerado; ;BRADESCO (conglomerado);25,22;2587;3473;1987;8047;102567618;93858121;44622099
2022;1;Demais Bancos, Financeiras e Instituies de Pagamento;Conglomerado; ;BRB (conglomerado);51,38;206;227;176;609;4008721;3790552;1487581
2022;1;Top 15 - Bancos, Financeiras e Instituies de Pagamento;Conglomerado; ;BTG PACTUAL/BANCO PAN (conglomerado);68,20;1290;1054;507;2851;18913034;13149801;9776731
2022;1;Top 15 - Bancos, Financeiras e Instituies de Pagamento;Conglomerado; ;C6 BANK (conglomerado);77,99;1265;1300;480;3045;16218908;14546414;5723394
2022;1;Top 15 - Bancos, Financeiras e Instituies de Pagamento;Conglomerado; ;CAIXA ECONMICA FEDERAL (conglomerado);13,17;1911;2563;2092;6566;145044033;143432228;24508861
2022;1;Demais Bancos, Financeiras e Instituies de Pagamento;Banco/financeira;09313766;CARUANA S.A. - SOCIEDADE DE CRDITO, FINANCIAMENTO E INVESTIMENTO; ;0;2;0;2;60157;54810;13824
2022;1;Demais Bancos, Financeiras e Instituies de Pagamento;Conglomerado; ;CCB (conglomerado); ;5;68;10;83;183466;3623;180307
2022;1;Demais Bancos, Financeiras e Instituies de Pagamento;Banco/financeira;13935893;CELCOIN INSTITUICAO DE PAGAMENTO S.A.; ;5;5;2;12;0; ; 
2022;1;Demais Bancos, Financeiras e Instituies de Pagamento;Banco/financeira;01027058;CIELO S.A.; ;21;27;25;73;146900;146794;106
2022;1;Demais Bancos, Financeiras e Instituies de Pagamento;Conglomerado; ;CITIBANK (conglomerado); ;1;6;1;8;18222;17192;1934
2022;1;Demais Bancos, Financeiras e Instituies de Pagamento;Conglomerado; ;COBUCCIO (conglomerado); ;8;8;24;40; ; ; 
2022;1;Demais Bancos, Financeiras e Instituies de Pagamento;Conglomerado; ;COLOMBO (conglomerado); ;0;5;1;6;374111;52;374077
2022;1;Demais Bancos, Financeiras e Instituies de Pagamento;Conglomerado; ;CRED-SYSTEM (conglomerado); ;22;32;12;66; ; ; 
2022;1;Demais Bancos, Financeiras e Instituies de Pagamento;Banco/financeira;62895230;CREDI-SHOP S/A - INSTITUIO DE PAGAMENTO; ;0;3;0;3;718253; ;718253
2022;1;Demais Bancos, Financeiras e Instituies de Pagamento;Conglomerado; ;CREFISA (conglomerado);52,61;160;144;72;376;3040767;1912347;1687604
2022;1;Demais Bancos, Financeiras e Instituies de Pagamento;Conglomerado; ;DAYCOVAL (conglomerado);150,03;205;352;43;600;1366381;184638;1221767
2022;1;Demais Bancos, Financeiras e Instituies de Pagamento;Banco/financeira;21018182;EBANX INSTITUICAO DE PAGAMENTOS LTDA.;173,53;93;98;16;207;535917;535915;2
2022;1;Demais Bancos, Financeiras e Instituies de Pagamento;Banco/financeira;39321657;FACEBOOK INSTITUIO DE PAGAMENTO DO BRASIL LTDA.; ;0;0;1;1;0; ; 
2022;1;Demais Bancos, Financeiras e Instituies de Pagamento;Banco/financeira;15581638;FACTA FINANCEIRA S.A. - CRDITO FINANCIAMENTO E INVESTIMENTO;134,16;75;258;20;353;559026;682;558350
2022;1;Demais Bancos, Financeiras e Instituies de Pagamento;Banco/financeira;36583700;FC FINANCEIRA S.A. - CRDITO, FINANCIAMENTO E INVESTIMENTO; ;1;0;0;1;17470; ;17470
2022;1;Demais Bancos, Financeiras e Instituies de Pagamento;Banco/financeira;00411939;FINAMAX S.A. - CREDITO, FINANCIAMENTO E INVESTIMENTO; ;1;0;1;2;85967;1623;84383
2022;1;Demais Bancos, Financeiras e Instituies de Pagamento;Banco/financeira;02732968;FORTBRASIL ADMINISTRADORA DE CARTOES DE CREDITO S/A; ;1;3;0;4;653498; ;653498
2022;1;Demais Bancos, Financeiras e Instituies de Pagamento;Conglomerado; ;GENIAL (conglomerado); ;11;2;1;14;452120;452117;53
2022;1;Demais Bancos, Financeiras e Instituies de Pagamento;Conglomerado; ;GERENCIANET (conglomerado); ;6;12;2;20;296726;296684;6621
2022;1;Demais Bancos, Financeiras e Instituies de Pagamento;Conglomerado; ;GM (conglomerado); ;3;3;15;21;245739;483;245340
2022;1;Demais Bancos, Financeiras e Instituies de Pagamento;Banco/financeira;10314753;GREEN NET INSTITUIO DE PAGAMENTO LTDA; ;0;0;1;1;0; ; 
2022;1;Demais Bancos, Financeiras e Instituies de Pagamento;Conglomerado; ;GRUPO BONSUCESSO - BS2 (conglomerado);74,59;71;116;20;207;951797;946580;16631
2022;1;Demais Bancos, Financeiras e Instituies de Pagamento;Conglomerado; ;GRUPO ZEMA (conglomerado); ;4;4;4;12;471569;3879;468856
2022;1;Demais Bancos, Financeiras e Instituies de Pagamento;Conglomerado; ;HERVAL - HS (conglomerado); ;1;3;3;7;203133;921;202497
2022;1;Demais Bancos, Financeiras e Instituies de Pagamento;Conglomerado; ;HONDA (conglomerado); ;3;3;5;11;397644;123;397605
2022;1;Demais Bancos, Financeiras e Instituies de Pagamento;Banco/financeira;13884775;HUB PAGAMENTOS S.A; ;18;25;3;46;2891451;2891451; 
2022;1;Demais Bancos, Financeiras e Instituies de Pagamento;Banco/financeira;17453575;ICBC DO BRASIL BANCO MLTIPLO S.A.; ;0;2;0;2;208;194;23
2022;1;Demais Bancos, Financeiras e Instituies de Pagamento;Conglomerado; ;INDUSTRIAL DO BRASIL (conglomerado); ;5;16;2;23;65379;4647;61507
2022;1;Top 15 - Bancos, Financeiras e Instituies de Pagamento;Conglomerado; ;INTER (conglomerado);48,85;833;688;199;1720;17049709;16953999;2638025
2022;1;Top 15 - Bancos, Financeiras e Instituies de Pagamento;Conglomerado; ;ITAU (conglomerado);12,26;1136;2726;1560;5422;92631221;73942108;53934158
2022;1;Demais Bancos, Financeiras e Instituies de Pagamento;Banco/financeira;15111975;IUGU INSTITUIO DE PAGAMENTO S.A.; ;7;6;1;14;1381; ;1381
2022;1;Demais Bancos, Financeiras e Instituies de Pagamento;Banco/financeira;04230630;JBCRED S.A. SOCIEDADE DE CREDITO, FINANCIAMENTO E INVESTIMENTO; ;0;5;4;9;57183; ;57183
2022;1;Demais Bancos, Financeiras e Instituies de Pagamento;Conglomerado; ;JP MORGAN CHASE (conglomerado); ;0;2;1;3;4029;4004;105
2022;1;Demais Bancos, Financeiras e Instituies de Pagamento;Banco/financeira;06040559;KREDILIG S.A. - CRDITO, FINANCIAMENTO E INVESTIMENTO; ;0;2;0;2;331957;5;331955
2022;1;Demais Bancos, Financeiras e Instituies de Pagamento;Banco/financeira;11271860;LEBES FINANCEIRA S.A. - CRDITO, FINANCIAMENTO E INVESTIMENTO; ;0;1;1;2;284124;5;284120
2022;1;Demais Bancos, Financeiras e Instituies de Pagamento;Banco/financeira;07652226;LECCA CRDITO, FINANCIAMENTO E INVESTIMENTO S/A; ;2;0;1;3;27174;278;26896
2022;1;Demais Bancos, Financeiras e Instituies de Pagamento;Banco/financeira;07747410;M PAGAMENTOS S.A. - CRDITO FINANCIAMENTO E INVESTIMENTO; ;6;4;2;12;667419; ;667419
2022;1;Demais Bancos, Financeiras e Instituies de Pagamento;Conglomerado; ;MASTER (conglomerado);601,71;88;87;10;185;146248;7754;138778
2022;1;Top 15 - Bancos, Financeiras e Instituies de Pagamento;Conglomerado; ;MERCADO CRDITO (conglomerado);24,96;800;1213;189;2202;32050707;32007869;3346123
2022;1;Demais Bancos, Financeiras e Instituies de Pagamento;Conglomerado; ;MERCANTIL DO BRASIL (conglomerado);53,16;255;199;49;503;4796822;3811309;2339142
2022;1;Demais Bancos, Financeiras e Instituies de Pagamento;Conglomerado; ;MERCEDES-BENZ (conglomerado); ;0;0;1;1;19627;409;19300
2022;1;Top 15 - Bancos, Financeiras e Instituies de Pagamento;Banco/financeira;09464032;MIDWAY S.A. - CRDITO, FINANCIAMENTO E INVESTIMENTO;2,87;31;96;37;164;10786244;1470241;10558992
2022;1;Demais Bancos, Financeiras e Instituies de Pagamento;Conglomerado; ;MODAL (conglomerado); ;25;33;8;66;1589489;1589126;46505
2022;1;Demais Bancos, Financeiras e Instituies de Pagamento;Banco/financeira;04379829;NEGRESCO S.A. - CREDITO, FINANCIAMENTO E INVESTIMENTOS; ;1;7;1;9;448030;607;447424
2022;1;Demais Bancos, Financeiras e Instituies de Pagamento;Conglomerado; ;NEON (conglomerado);441,13;385;114;29;528;872741;0;872741
2022;1;Demais Bancos, Financeiras e Instituies de Pagamento;Banco/financeira;74828799;NOVO BANCO CONTINENTAL S.A. - BANCO MLTIPLO; ;3;41;1;45;198099;3202;195343
2022;1;Top 15 - Bancos, Financeiras e Instituies de Pagamento;Conglomerado; ;NUBANK (conglomerado);7,48;410;859;272;1541;54748336;52847381;26162099
2022;1;Demais Bancos, Financeiras e Instituies de Pagamento;Conglomerado; ;OMNI (conglomerado); ;23;65;53;141;5019455;202517;4838125
2022;1;Top 15 - Bancos, Financeiras e Instituies de Pagamento;Conglomerado; ;ORIGINAL (conglomerado);21,59;822;867;236;1925;38069786;37864819;3568320
2022;1;Top 15 - Bancos, Financeiras e Instituies de Pagamento;Conglomerado; ;PAGBANK-PAGSEGURO (conglomerado);14,87;345;784;139;1268;23191620;23183549;331895
2022;1;Demais Bancos, Financeiras e Instituies de Pagamento;Conglomerado; ;PARAN BANCO (conglomerado); ;21;164;9;194;505065;10432;494974
2022;1;Demais Bancos, Financeiras e Instituies de Pagamento;Banco/financeira;03311443;PARATI - CREDITO, FINANCIAMENTO E INVESTIMENTO S.A.; ;24;41;4;69;45080;44177;1328
2022;1;Demais Bancos, Financeiras e Instituies de Pagamento;Banco/financeira;10878448;PAYPAL DO BRASIL SERVICOS DE PAGAMENTOS LTDA;3,58;34;70;10;114;9476077;9476075;3
2022;1;Demais Bancos, Financeiras e Instituies de Pagamento;Banco/financeira;43180355;PEFISA S.A. - CRDITO, FINANCIAMENTO E INVESTIMENTO;10,57;82;38;10;130;7753628;7531149;2667685
2022;1;Demais Bancos, Financeiras e Instituies de Pagamento;Conglomerado; ;PINE (conglomerado); ;1;2;0;3;13027;11478;2279
2022;1;Demais Bancos, Financeiras e Instituies de Pagamento;Conglomerado; ;PORTO SEGURO (conglomerado);30,20;100;70;71;241;3310348; ;3310348
2022;1;Demais Bancos, Financeiras e Instituies de Pagamento;Banco/financeira;01800019;PORTOCRED S.A. - CREDITO, FINANCIAMENTO E INVESTIMENTO; ;16;19;9;44;138135;2234;135902
2022;1;Demais Bancos, Financeiras e Instituies de Pagamento;Banco/financeira;01722480;QUERO-QUERO VERDECARD INSTITUIO DE PAGAMENTO S.A.; ;4;11;2;17;389143; ;389143
2022;1;Demais Bancos, Financeiras e Instituies de Pagamento;Banco/financeira;27351731;REALIZE CRDITO, FINANCIAMENTO E INVESTIMENTO S.A.; ;10;48;24;82;5636382;841;5636356
2022;1;Demais Bancos, Financeiras e Instituies de Pagamento;Conglomerado; ;RECARGAPAY (conglomerado); ;25;26;23;74; ; ; 
2022;1;Demais Bancos, Financeiras e Instituies de Pagamento;Conglomerado; ;RENDIMENTO (conglomerado); ;3;15;3;21;215526;211666;6509
2022;1;Demais Bancos, Financeiras e Instituies de Pagamento;Banco/financeira;65697260;REPOM S.A.; ;0;1;0;1;267987;267985;4
2022;1;Demais Bancos, Financeiras e Instituies de Pagamento;Conglomerado; ;RODOBENS (conglomerado); ;1;2;0;3;15610;1553;14421
2022;1;Demais Bancos, Financeiras e Instituies de Pagamento;Banco/financeira;06249129;RPW S/A SOCIEDADE DE CRDITO, FINANCIAMENTO E INVESTIMENTO; ;0;0;1;1;2385; ;2385
2022;1;Demais Bancos, Financeiras e Instituies de Pagamento;Conglomerado; ;SAFRA (conglomerado);33,93;189;473;211;873;5570140;2374691;3594598
2022;1;Top 15 - Bancos, Financeiras e Instituies de Pagamento;Conglomerado; ;SANTANDER (conglomerado);27,37;1589;3015;1509;6113;58048730;51261246;26074237
2022;1;Demais Bancos, Financeiras e Instituies de Pagamento;Conglomerado; ;SENFF (conglomerado); ;1;1;2;4;193066;116106;80555
2022;1;Demais Bancos, Financeiras e Instituies de Pagamento;Banco/financeira;05503849;SF3 CRDITO, FINANCIAMENTO E INVESTIMENTO S.A.; ;0;2;0;2;30878;1282;29599
2022;1;Demais Bancos, Financeiras e Instituies de Pagamento;Conglomerado; ;SICREDI (conglomerado); ;0;1;0;1;6566416;6545001;198969
2022;1;Demais Bancos, Financeiras e Instituies de Pagamento;Banco/financeira;15173776;SOCIAL BANK BANCO MLTIPLO S/A; ;7;3;5;15;1346;1311;46
2022;1;Demais Bancos, Financeiras e Instituies de Pagamento;Conglomerado; ;SOCIETE GENERALE (conglomerado); ;1;1;1;3;480;375;154
2022;1;Demais Bancos, Financeiras e Instituies de Pagamento;Banco/financeira;03881423;SOCINAL S.A. - CRDITO, FINANCIAMENTO E INVESTIMENTO; ;5;3;8;16;2230;452;1778
2022;1;Demais Bancos, Financeiras e Instituies de Pagamento;Conglomerado; ;SOFISA (conglomerado); ;17;34;10;61;465763;456537;18681
2022;1;Demais Bancos, Financeiras e Instituies de Pagamento;Conglomerado; ;SOROCRED (conglomerado); ;14;27;12;53;294357;1075;293295
2022;1;Demais Bancos, Financeiras e Instituies de Pagamento;Conglomerado; ;STONE (conglomerado);54,99;116;139;10;265;2109401;2109302;102
2022;1;Demais Bancos, Financeiras e Instituies de Pagamento;Banco/financeira;41498340;TENTOS S.A. CRDITO, FINANCIAMENTO E INVESTIMENTO; ;0;0;1;1;282; ;282
2022;1;Demais Bancos, Financeiras e Instituies de Pagamento;Banco/financeira;09473806;TODESCREDI S/A - CRDITO, FINANCIAMENTO E INVESTIMENTO; ;0;0;1;1;36500;12;36488
2022;1;Demais Bancos, Financeiras e Instituies de Pagamento;Conglomerado; ;UBS (conglomerado); ;0;1;0;1;0;0; 
2022;1;Demais Bancos, Financeiras e Instituies de Pagamento;Banco/financeira;05192316;VIA CERTA FINANCIADORA S.A. - CRDITO, FINANCIAMENTO E INVESTIMENTOS; ;2;4;0;6;426258;2456;424797
2022;1;Demais Bancos, Financeiras e Instituies de Pagamento;Conglomerado; ;VOITER (conglomerado); ;1;3;0;4;164166;4884;159535
2022;1;Demais Bancos, Financeiras e Instituies de Pagamento;Conglomerado; ;VOLKSWAGEN (conglomerado); ;14;16;27;57;327452;288;327302
2022;1;Demais Bancos, Financeiras e Instituies de Pagamento;Conglomerado; ;VOLVO (conglomerado); ;0;1;0;1;7774;49;7766
2022;1;Top 15 - Bancos, Financeiras e Instituies de Pagamento;Conglomerado; ;VOTORANTIM (conglomerado);8,17;179;177;146;502;21892612;18823383;5432526
2022;1;Demais Bancos, Financeiras e Instituies de Pagamento;Conglomerado; ;WESTERN UNION (conglomerado); ;4;4;0;8;1;1; 
2022;1;Demais Bancos, Financeiras e Instituies de Pagamento;Banco/financeira;23862762;WILL FINANCEIRA S.A. CRDITO, FINANCIAMENTO E INVESTIMENTO; ;23;33;24;80;2452408;2451566;562744
2022;1;Demais Bancos, Financeiras e Instituies de Pagamento;Conglomerado; ;XP (conglomerado);166,42;81;23;7;111;486698;484824;365064
2022;1;Demais Bancos, Financeiras e Instituies de Pagamento;Conglomerado; ;YAMAHA MOTOR (conglomerado); ;2;7;6;15;213551;143;213433
2022;4;Demais Bancos, Financeiras e Instituies de Pagamento;Conglomerado; ;ABC-BRASIL (conglomerado); ;11;2;4;17;55693;51667;7966
2022;4;Demais Bancos, Financeiras e Instituies de Pagamento;Banco/financeira;13140088;ACESSO SOLUES DE PAGAMENTO S.A. - INSTITUIO DE PAGAMENTO;15,52;86;81;12;179;5538591;5538546;41852
2022;4;Demais Bancos, Financeiras e Instituies de Pagamento;Banco/financeira;10868663;ACG INSTITUIO DE PAGAMENTO S.A.; ;1;1;0;2;51711;51711; 
2022;4;Demais Bancos, Financeiras e Instituies de Pagamento;Conglomerado; ;AFINZ (conglomerado); ;17;32;13;62;483968;1078;482931
2022;4;Demais Bancos, Financeiras e Instituies de Pagamento;Conglomerado; ;AGIBANK (conglomerado);112,41;224;261;60;545;1992640;1610132;1269980
2022;4;Demais Bancos, Financeiras e Instituies de Pagamento;Banco/financeira;36321990;AGORACRED S/A SOCIEDADE DE CRDITO, FINANCIAMENTO E INVESTIMENTO; ;2;6;0;8;549291;127;549164
2022;4;Demais Bancos, Financeiras e Instituies de Pagamento;Banco/financeira;27214112;AL5 S.A. CRDITO, FINANCIAMENTO E INVESTIMENTO; ;5;0;0;5;31644;20829;16684
2022;4;Demais Bancos, Financeiras e Instituies de Pagamento;Conglomerado; ;ALFA (conglomerado); ;7;25;4;36;439630;267442;173252
2022;4;Top 15 - Bancos, Financeiras e Instituies de Pagamento;Banco/financeira;32778350;AME DIGITAL BRASIL INSTITUICAO DE PAGAMENTO LTDA;1,28;40;38;14;92;31101626;31101415;1434
2022;4;Demais Bancos, Financeiras e Instituies de Pagamento;Conglomerado; ;ANDBANK (conglomerado); ;0;1;4;5;31197;4324;26901
2022;4;Demais Bancos, Financeiras e Instituies de Pagamento;Conglomerado; ;ASAAS (conglomerado); ;15;42;5;62;0;0;0
2022;4;Demais Bancos, Financeiras e Instituies de Pagamento;Banco/financeira;54403563;BANCO ARBI S.A.; ;6;7;2;15;89501;89501; 
2022;4;Demais Bancos, Financeiras e Instituies de Pagamento;Banco/financeira;00997185;BANCO B3 S.A.; ;1;0;3;4;1160;1160; 
2022;4;Demais Bancos, Financeiras e Instituies de Pagamento;Banco/financeira;02992446;BANCO CNH INDUSTRIAL CAPITAL S.A.; ;0;3;4;7;29965;1306;28842
2022;4;Demais Bancos, Financeiras e Instituies de Pagamento;Banco/financeira;08357240;BANCO CSF S.A.;6,31;51;75;39;165;8070375; ;8070375
2022;4;Demais Bancos, Financeiras e Instituies de Pagamento;Banco/financeira;04902979;BANCO DA AMAZONIA S.A.; ;2;1;6;9;587752;516123;203435
2022;4;Demais Bancos, Financeiras e Instituies de Pagamento;Banco/financeira;92874270;BANCO DIGIMAIS S.A.;170,35;56;35;50;141;328722;157369;208295
2022;4;Demais Bancos, Financeiras e Instituies de Pagamento;Banco/financeira;13009717;BANCO DO ESTADO DE SERGIPE S.A.; ;29;30;15;74;1128708;851059;656226
2022;4;Demais Bancos, Financeiras e Instituies de Pagamento;Banco/financeira;04913711;BANCO DO ESTADO DO PAR S.A.;33,68;34;21;10;65;1009445;886254;435161
2022;4;Demais Bancos, Financeiras e Instituies de Pagamento;Banco/financeira;07237373;BANCO DO NORDESTE DO BRASIL S.A.; ;7;27;27;61;9384798;8816792;3284218
2022;4;Demais Bancos, Financeiras e Instituies de Pagamento;Banco/financeira;53518684;BANCO HSBC S.A.; ;0;4;3;7;4057;4039;89
2022;4;Demais Bancos, Financeiras e Instituies de Pagamento;Banco/financeira;04866275;BANCO INBURSA S.A.; ;16;7;4;27;39104;10;39096
2022;4;Demais Bancos, Financeiras e Instituies de Pagamento;Banco/financeira;91884981;BANCO JOHN DEERE S.A.; ;0;1;0;1;13833;254;13641
2022;4;Demais Bancos, Financeiras e Instituies de Pagamento;Banco/financeira;07441209;BANCO MONEO S.A.; ;0;1;0;1;1135;9;1128
2022;4;Demais Bancos, Financeiras e Instituies de Pagamento;Banco/financeira;78632767;BANCO OURINVEST S.A.; ;1;7;3;11;307501;304060;3496
2022;4;Demais Bancos, Financeiras e Instituies de Pagamento;Banco/financeira;61820817;BANCO PAULISTA S.A.; ;11;7;1;19;86056;8944;77420
2022;4;Demais Bancos, Financeiras e Instituies de Pagamento;Banco/financeira;01023570;BANCO RABOBANK INTERNATIONAL BRASIL S.A.; ;0;0;1;1;3898;3708;1692
2022;4;Demais Bancos, Financeiras e Instituies de Pagamento;Banco/financeira;00517645;BANCO RIBEIRAO PRETO S.A.; ;0;1;0;1;4759;4600;1853
2022;4;Demais Bancos, Financeiras e Instituies de Pagamento;Banco/financeira;00795423;BANCO SEMEAR S.A.; ;0;5;2;7;312515;7354;306394
2022;4;Demais Bancos, Financeiras e Instituies de Pagamento;Conglomerado; ;BANCO SICOOB (conglomerado);8,44;51;63;29;143;6040091;2687294;4066514
2022;4;Demais Bancos, Financeiras e Instituies de Pagamento;Banco/financeira;60518222;BANCO SUMITOMO MITSUI BRASILEIRO S.A.; ;0;0;1;1;1180;1140;123
2022;4;Demais Bancos, Financeiras e Instituies de Pagamento;Banco/financeira;07679404;BANCO TOPZIO S.A.; ;4;7;4;15;12744;11638;2727
2022;4;Demais Bancos, Financeiras e Instituies de Pagamento;Conglomerado; ;BANCO TOYOTA DO BRASIL S.A. (conglomerado); ;0;4;6;10;155246;15260;140846
2022;4;Demais Bancos, Financeiras e Instituies de Pagamento;Banco/financeira;17351180;BANCO TRIANGULO S.A.; ;7;18;8;33;1744811;687146;1404832
2022;4;Demais Bancos, Financeiras e Instituies de Pagamento;Banco/financeira;57839805;BANCO TRICURY S.A.; ;0;0;1;1;972;958;152
2022;4;Demais Bancos, Financeiras e Instituies de Pagamento;Conglomerado; ;BANESTES (conglomerado); ;25;19;8;52;1427677;1377261;487518
2022;4;Demais Bancos, Financeiras e Instituies de Pagamento;Conglomerado; ;BANRISUL (conglomerado);6,33;33;285;65;383;5213189;3722651;4084171
2022;4;Demais Bancos, Financeiras e Instituies de Pagamento;Conglomerado; ;BARIGUI (conglomerado);84,30;30;35;11;76;355853;322998;64206
2022;4;Top 15 - Bancos, Financeiras e Instituies de Pagamento;Conglomerado; ;BB (conglomerado);8,22;610;1863;962;3435;74126665;67500727;35771620
2022;4;Demais Bancos, Financeiras e Instituies de Pagamento;Conglomerado; ;BBC (conglomerado); ;1;4;5;10;6609; ;6609
2022;4;Demais Bancos, Financeiras e Instituies de Pagamento;Banco/financeira;20443996;BECKER FINANCEIRA S.A. - CRDITO, FINANCIAMENTO E INVESTIMENTO; ;0;1;0;1;198148;8;198143
2022;4;Demais Bancos, Financeiras e Instituies de Pagamento;Banco/financeira;11285104;BIORC FINANCEIRA - CRDITO, FINANCIAMENTO E INVESTIMENTO S.A.; ;1;1;0;2;254;254; 
2022;4;Demais Bancos, Financeiras e Instituies de Pagamento;Conglomerado; ;BMG (conglomerado);53,88;661;893;139;1693;12267412;7788639;6956142
2022;4;Demais Bancos, Financeiras e Instituies de Pagamento;Conglomerado; ;BMW (conglomerado); ;1;1;1;3;32997;31076;23175
2022;4;Demais Bancos, Financeiras e Instituies de Pagamento;Conglomerado; ;BNP PARIBAS (conglomerado);32,84;63;278;50;391;1917938;10966;1907365
2022;4;Demais Bancos, Financeiras e Instituies de Pagamento;Conglomerado; ;BNQI - FINANCEIRO (conglomerado); ;29;32;16;77;0;0;0
2022;4;Demais Bancos, Financeiras e Instituies de Pagamento;Conglomerado; ;BOFA MERRILL LYNCH (conglomerado); ;0;2;0;2;4928;4923;122
2022;4;Top 15 - Bancos, Financeiras e Instituies de Pagamento;Conglomerado; ;BRADESCO (conglomerado);21,64;2225;3075;1578;6878;102814534;97211510;39643150
2022;4;Demais Bancos, Financeiras e Instituies de Pagamento;Conglomerado; ;BRB (conglomerado);38,57;233;282;142;657;6040929;4180679;3109280
2022;4;Demais Bancos, Financeiras e Instituies de Pagamento;Banco/financeira;12865507;BRK S.A. CRDITO, FINANCIAMENTO E INVESTIMENTO; ;0;1;1;2;25477;21498;18676
2022;4;Top 15 - Bancos, Financeiras e Instituies de Pagamento;Conglomerado; ;BTG PACTUAL/BANCO PAN (conglomerado);76,13;1613;1010;470;3093;21185674;15568730;9773649
2022;4;Top 15 - Bancos, Financeiras e Instituies de Pagamento;Conglomerado; ;C6 BANK (conglomerado);33,13;759;1451;468;2678;22905869;20319653;7333687
2022;4;Top 15 - Bancos, Financeiras e Instituies de Pagamento;Conglomerado; ;CAIXA ECONMICA FEDERAL (conglomerado);12,08;1790;2331;2021;6142;148128348;146335552;32818092
2022;4;Demais Bancos, Financeiras e Instituies de Pagamento;Conglomerado; ;CAIXA GERAL (conglomerado); ;1;0;1;2;1006;986;58
2022;4;Demais Bancos, Financeiras e Instituies de Pagamento;Banco/financeira;37122487;CALCRED S.A. - CRDITO, FINANCIAMENTO E INVESTIMENTO; ;2;0;0;2;181452; ;181452
2022;4;Demais Bancos, Financeiras e Instituies de Pagamento;Banco/financeira;09313766;CARUANA S.A. - SOCIEDADE DE CRDITO, FINANCIAMENTO E INVESTIMENTO; ;2;5;1;8;59548;54218;13701
2022;4;Demais Bancos, Financeiras e Instituies de Pagamento;Conglomerado; ;CCB (conglomerado); ;5;35;2;42;153165;3352;150213
2022;4;Demais Bancos, Financeiras e Instituies de Pagamento;Banco/financeira;13935893;CELCOIN INSTITUICAO DE PAGAMENTO S.A.; ;18;4;3;25;0;0;0
2022;4;Demais Bancos, Financeiras e Instituies de Pagamento;Banco/financeira;26225776;CENTROCRED S.A. CRDITO, FINANCIAMENTO E INVESTIMENTOS; ;0;1;0;1;110120;72;110048
2022;4;Demais Bancos, Financeiras e Instituies de Pagamento;Banco/financeira;01027058;CIELO S.A. - INSTITUIO DE PAGAMENTO; ;14;16;38;68;213990;213874;116
2022;4;Demais Bancos, Financeiras e Instituies de Pagamento;Conglomerado; ;CITIBANK (conglomerado); ;2;9;8;19;18935;18057;1780
2022;4;Demais Bancos, Financeiras e Instituies de Pagamento;Banco/financeira;18189547;CLOUDWALK INSTITUIO DE PAGAMENTO E SERVICOS LTDA; ;7;9;14;30;0;0;0
2022;4;Demais Bancos, Financeiras e Instituies de Pagamento;Conglomerado; ;COBUCCIO (conglomerado); ;16;9;44;69;752805;6695;751131
2022;4;Demais Bancos, Financeiras e Instituies de Pagamento;Conglomerado; ;COLOMBO (conglomerado); ;1;3;0;4;322448;61;322405
2022;4;Demais Bancos, Financeiras e Instituies de Pagamento;Banco/financeira;05938780;COOPER CARD INSTITUIO DE PAGAMENTO LTDA.; ;1;1;0;2;392951;131098;287743
2022;4;Demais Bancos, Financeiras e Instituies de Pagamento;Conglomerado; ;CREDSYSTEM (conglomerado); ;5;14;15;34;4235510;0;4235510
2022;4;Demais Bancos, Financeiras e Instituies de Pagamento;Conglomerado; ;CREFISA (conglomerado);23,81;84;145;83;312;3526710;2023560;1923733
2022;4;Demais Bancos, Financeiras e Instituies de Pagamento;Conglomerado; ;DAYCOVAL (conglomerado);103,22;180;537;79;796;1743806;275309;1527166
2022;4;Demais Bancos, Financeiras e Instituies de Pagamento;Banco/financeira;13370835;DOCK INSTITUIO DE PAGAMENTO S.A.; ;20;11;3;34;2013085;2013085; 
2022;4;Demais Bancos, Financeiras e Instituies de Pagamento;Banco/financeira;21018182;EBANX INSTITUICAO DE PAGAMENTOS LTDA.; ;27;35;5;67;559116;559114;2
2022;4;Demais Bancos, Financeiras e Instituies de Pagamento;Banco/financeira;00714671;EWALLY INSTITUIO DE PAGAMENTO S.A.; ;2;2;1;5;0;0;0
2022;4;Demais Bancos, Financeiras e Instituies de Pagamento;Banco/financeira;39321657;FACEBOOK INSTITUIO DE PAGAMENTO DO BRASIL LTDA.; ;1;1;0;2;0;0;0
2022;4;Demais Bancos, Financeiras e Instituies de Pagamento;Banco/financeira;15581638;FACTA FINANCEIRA S.A. - CRDITO FINANCIAMENTO E INVESTIMENTO;396,37;352;257;67;676;888045;686;887367
2022;4;Demais Bancos, Financeiras e Instituies de Pagamento;Banco/financeira;36583700;FC FINANCEIRA S.A. - CRDITO, FINANCIAMENTO E INVESTIMENTO; ;15;4;3;22;21602; ;21602
2022;4;Demais Bancos, Financeiras e Instituies de Pagamento;Banco/financeira;00411939;FINAMAX S.A. - CREDITO, FINANCIAMENTO E INVESTIMENTO; ;1;1;1;3;83736;1578;82190
2022;4;Demais Bancos, Financeiras e Instituies de Pagamento;Conglomerado; ;FINAXIS (conglomerado); ;0;0;1;1;3907;3907; 
2022;4;Demais Bancos, Financeiras e Instituies de Pagamento;Banco/financeira;04962772;FISERV DO BRASIL  INSTITUIO DE PAGAMENTO LTDA; ;0;2;0;2;93; ;93
2022;4;Demais Bancos, Financeiras e Instituies de Pagamento;Banco/financeira;13203354;FITBANK INSTITUIO DE PAGAMENTOS ELETRNICOS S.A.; ;4;1;0;5;29083;29083; 
2022;4;Demais Bancos, Financeiras e Instituies de Pagamento;Banco/financeira;23114447;FLAGSHIP INSTITUICAO DE PAGAMENTOS LTDA; ;1;6;0;7;73806;73806; 
2022;4;Demais Bancos, Financeiras e Instituies de Pagamento;Banco/financeira;02732968;FORTBRASIL INSTITUIO DE PAGAMENTO S/A; ;4;6;6;16;624574; ;624574
2022;4;Demais Bancos, Financeiras e Instituies de Pagamento;Conglomerado; ;GAZIN (conglomerado); ;0;1;0;1;52007;450;51636
2022;4;Demais Bancos, Financeiras e Instituies de Pagamento;Conglomerado; ;GENIAL (conglomerado); ;9;4;0;13;734186;734183;412
2022;4;Demais Bancos, Financeiras e Instituies de Pagamento;Conglomerado; ;GERENCIANET (conglomerado); ;8;13;2;23;345269;345030;15425
2022;4;Demais Bancos, Financeiras e Instituies de Pagamento;Conglomerado; ;GM (conglomerado); ;1;6;8;15;221613;474;221222
2022;4;Demais Bancos, Financeiras e Instituies de Pagamento;Banco/financeira;22177858;GRANITO INSTITUIO DE PAGAMENTO S.A.; ;3;0;2;5;60; ;60
2022;4;Demais Bancos, Financeiras e Instituies de Pagamento;Conglomerado; ;GRUPO BONSUCESSO - BS2 (conglomerado);375,26;122;72;21;215;325107;316674;11072
2022;4;Demais Bancos, Financeiras e Instituies de Pagamento;Conglomerado; ;GRUPO ZEMA (conglomerado); ;1;3;13;17;537686;27881;518166
2022;4;Demais Bancos, Financeiras e Instituies de Pagamento;Conglomerado; ;HERVAL - HS (conglomerado); ;1;9;1;11;218105;803;217505
2022;4;Demais Bancos, Financeiras e Instituies de Pagamento;Conglomerado; ;HONDA (conglomerado); ;6;6;9;21;358758;146;358703
2022;4;Demais Bancos, Financeiras e Instituies de Pagamento;Banco/financeira;13884775;HUB INSTITUIO DE PAGAMENTO S.A.;3,26;36;65;1;102;11021807;11021797;78
2022;4;Demais Bancos, Financeiras e Instituies de Pagamento;Conglomerado; ;INDUSTRIAL DO BRASIL (conglomerado); ;4;14;1;19;69669;4675;65849
2022;4;Top 15 - Bancos, Financeiras e Instituies de Pagamento;Conglomerado; ;INTER (conglomerado);36,90;857;615;239;1711;23219194;23080181;3502534
2022;4;Top 15 - Bancos, Financeiras e Instituies de Pagamento;Conglomerado; ;ITAU (conglomerado);15,26;1492;3154;1463;6109;97712980;79820279;54522214
2022;4;Demais Bancos, Financeiras e Instituies de Pagamento;Banco/financeira;15111975;IUGU INSTITUIO DE PAGAMENTO S.A.; ;8;7;1;16;2365; ;2365
2022;4;Demais Bancos, Financeiras e Instituies de Pagamento;Banco/financeira;04230630;JBCRED S.A. SOCIEDADE DE CREDITO, FINANCIAMENTO E INVESTIMENTO; ;0;5;5;10;60391; ;60391
2022;4;Demais Bancos, Financeiras e Instituies de Pagamento;Conglomerado; ;JP MORGAN CHASE (conglomerado); ;0;1;0;1;0;0;0
2022;4;Demais Bancos, Financeiras e Instituies de Pagamento;Banco/financeira;06040559;KREDILIG S.A. - CRDITO, FINANCIAMENTO E INVESTIMENTO; ;1;2;1;4;319580;7;319576
2022;4;Demais Bancos, Financeiras e Instituies de Pagamento;Banco/financeira;11271860;LEBES FINANCEIRA S.A. - CRDITO, FINANCIAMENTO E INVESTIMENTO; ;5;5;2;12;334203;5;334198
2022;4;Demais Bancos, Financeiras e Instituies de Pagamento;Banco/financeira;07652226;LECCA CRDITO, FINANCIAMENTO E INVESTIMENTO S/A; ;1;3;2;6;27489;271;27218
2022;4;Demais Bancos, Financeiras e Instituies de Pagamento;Banco/financeira;07747410;M PAGAMENTOS S.A. - CRDITO FINANCIAMENTO E INVESTIMENTO; ;1;9;3;13;519067; ;519067
2022;4;Demais Bancos, Financeiras e Instituies de Pagamento;Conglomerado; ;MASTER (conglomerado);638,66;265;192;55;512;414928;14820;402383
2022;4;Top 15 - Bancos, Financeiras e Instituies de Pagamento;Conglomerado; ;MERCADO CRDITO (conglomerado);18,07;779;898;247;1924;43102757;43079822;4035091
2022;4;Demais Bancos, Financeiras e Instituies de Pagamento;Conglomerado; ;MERCANTIL DO BRASIL (conglomerado);48,40;279;205;73;557;5764031;4172918;3047428
2022;4;Demais Bancos, Financeiras e Instituies de Pagamento;Conglomerado; ;MERCEDES-BENZ (conglomerado); ;2;1;5;8;19240;423;18899
2022;4;Demais Bancos, Financeiras e Instituies de Pagamento;Banco/financeira;09464032;MIDWAY S.A. - CRDITO, FINANCIAMENTO E INVESTIMENTO;4,06;33;86;30;149;8108375;2324607;7565452
2022;4;Demais Bancos, Financeiras e Instituies de Pagamento;Conglomerado; ;MODAL (conglomerado); ;25;34;5;64;1789775;1789452;46761
2022;4;Demais Bancos, Financeiras e Instituies de Pagamento;Banco/financeira;04379829;NEGRESCO S.A. - CREDITO, FINANCIAMENTO E INVESTIMENTOS; ;0;1;0;1;478360;632;477731
2022;4;Top 15 - Bancos, Financeiras e Instituies de Pagamento;Conglomerado; ;NEON (conglomerado);11,75;195;182;35;412;16586111;16583349;1420503
2022;4;Demais Bancos, Financeiras e Instituies de Pagamento;Banco/financeira;74828799;NOVO BANCO CONTINENTAL S.A. - BANCO MLTIPLO; ;0;21;2;23;544311;3669;541595
2022;4;Top 15 - Bancos, Financeiras e Instituies de Pagamento;Conglomerado; ;NUBANK (conglomerado);6,90;477;1150;319;1946;69077761;67260966;36478591
2022;4;Demais Bancos, Financeiras e Instituies de Pagamento;Conglomerado; ;OMNI (conglomerado); ;22;53;38;113;4408458;268090;4175298
2022;4;Top 15 - Bancos, Financeiras e Instituies de Pagamento;Conglomerado; ;ORIGINAL (conglomerado);14,35;689;876;223;1788;47994411;47843568;3801245
2022;4;Top 15 - Bancos, Financeiras e Instituies de Pagamento;Conglomerado; ;PAGBANK-PAGSEGURO (conglomerado);23,52;652;670;132;1454;27716605;27603910;565836
2022;4;Demais Bancos, Financeiras e Instituies de Pagamento;Banco/financeira;03816413;PAGUEVELOZ INSTITUIO DE PAGAMENTO LTDA.; ;8;9;0;17;0;0;0
2022;4;Demais Bancos, Financeiras e Instituies de Pagamento;Conglomerado; ;PARAN BANCO (conglomerado); ;22;123;23;168;546784;11439;535755
2022;4;Demais Bancos, Financeiras e Instituies de Pagamento;Banco/financeira;03311443;PARATI - CREDITO, FINANCIAMENTO E INVESTIMENTO S.A.; ;27;53;8;88;95648;93466;2897
2022;4;Demais Bancos, Financeiras e Instituies de Pagamento;Banco/financeira;10878448;PAYPAL DO BRASIL SERVICOS DE PAGAMENTOS LTDA;189,44;34;40;6;80;179473;179471;3
2022;4;Demais Bancos, Financeiras e Instituies de Pagamento;Banco/financeira;43180355;PEFISA S.A. - CRDITO, FINANCIAMENTO E INVESTIMENTO;11,43;106;49;21;176;9273360;8999432;3045175
2022;4;Demais Bancos, Financeiras e Instituies de Pagamento;Banco/financeira;17079937;PINBANK BRASIL INSTITUIO DE PAGAMENTO S.A.; ;1;0;0;1;0;0;0
2022;4;Demais Bancos, Financeiras e Instituies de Pagamento;Conglomerado; ;PINE (conglomerado); ;0;1;2;3;119595;11377;108983
2022;4;Demais Bancos, Financeiras e Instituies de Pagamento;Conglomerado; ;PORTO SEGURO (conglomerado);59,10;177;132;99;408;2994558;13928;2994386
2022;4;Demais Bancos, Financeiras e Instituies de Pagamento;Banco/financeira;01800019;PORTOCRED S.A. - CREDITO, FINANCIAMENTO E INVESTIMENTO; ;12;11;19;42;118063;2234;115830
2022;4;Demais Bancos, Financeiras e Instituies de Pagamento;Banco/financeira;01722480;QUERO-QUERO VERDECARD INSTITUIO DE PAGAMENTO S.A.; ;0;8;3;11;580387;222463;395988
2022;4;Demais Bancos, Financeiras e Instituies de Pagamento;Banco/financeira;27351731;REALIZE CRDITO, FINANCIAMENTO E INVESTIMENTO S.A.; ;13;53;27;93;5561332;55482;5559674
2022;4;Demais Bancos, Financeiras e Instituies de Pagamento;Conglomerado; ;RECARGAPAY (conglomerado);7,01;53;41;6;100;7559390;7557722;27113
2022;4;Demais Bancos, Financeiras e Instituies de Pagamento;Conglomerado; ;RENDIMENTO (conglomerado); ;2;13;3;18;259475;255724;6895
2022;4;Demais Bancos, Financeiras e Instituies de Pagamento;Banco/financeira;65697260;REPOM S.A.; ;2;0;0;2;270013;270012;4
2022;4;Demais Bancos, Financeiras e Instituies de Pagamento;Conglomerado; ;RODOBENS (conglomerado); ;2;5;10;17;27298;1537;26117
2022;4;Demais Bancos, Financeiras e Instituies de Pagamento;Conglomerado; ;SAFRA (conglomerado);63,88;369;514;169;1052;5775583;2040680;4096212
2022;4;Top 15 - Bancos, Financeiras e Instituies de Pagamento;Conglomerado; ;SANTANDER (conglomerado);21,05;1306;3441;1271;6018;62028657;55990014;25546690
2022;4;Demais Bancos, Financeiras e Instituies de Pagamento;Banco/financeira;00122327;SANTINVEST S.A. - CREDITO, FINANCIAMENTO E INVESTIMENTOS; ;0;5;1;6;11724;439;11285
2022;4;Demais Bancos, Financeiras e Instituies de Pagamento;Conglomerado; ;SENFF (conglomerado); ;5;10;7;22;474751;185243;338115
2022;4;Demais Bancos, Financeiras e Instituies de Pagamento;Banco/financeira;05503849;SF3 CRDITO, FINANCIAMENTO E INVESTIMENTO S.A.; ;0;0;1;1;19076;1299;17780
2022;4;Demais Bancos, Financeiras e Instituies de Pagamento;Banco/financeira;38372267;SHPP BRASIL INSTITUIO DE PAGAMENTO E SERVIOS DE PAGAMENTOS LTDA.; ;21;17;38;76;0;0;0
2022;4;Demais Bancos, Financeiras e Instituies de Pagamento;Conglomerado; ;SICREDI (conglomerado); ;0;0;1;1;7410928;7388472;219552
2022;4;Demais Bancos, Financeiras e Instituies de Pagamento;Conglomerado; ;SINOSSERRA (conglomerado); ;2;1;0;3;9868;126;9753
2022;4;Demais Bancos, Financeiras e Instituies de Pagamento;Banco/financeira;15173776;SOCIAL BANK BANCO MLTIPLO S/A; ;7;0;2;9;1258;1250;11
2022;4;Demais Bancos, Financeiras e Instituies de Pagamento;Banco/financeira;23757411;SOCIAL BANK INSTITUIO DE PAGAMENTO S.A; ;4;1;0;5;301235;301235; 
2022;4;Demais Bancos, Financeiras e Instituies de Pagamento;Banco/financeira;03881423;SOCINAL S.A. - CRDITO, FINANCIAMENTO E INVESTIMENTO; ;27;14;15;56;2471;443;2028
2022;4;Demais Bancos, Financeiras e Instituies de Pagamento;Conglomerado; ;SOFISA (conglomerado); ;23;30;14;67;672226;661744;58375
2022;4;Demais Bancos, Financeiras e Instituies de Pagamento;Banco/financeira;17359351;STARA FINANCEIRA S.A. - CRDITO FINANCIAMENTO E INVESTIMENTO; ;0;0;1;1;771;25;746
2022;4;Demais Bancos, Financeiras e Instituies de Pagamento;Conglomerado; ;STONE (conglomerado);14,82;42;111;7;160;2832151;2832054;99
2022;4;Demais Bancos, Financeiras e Instituies de Pagamento;Banco/financeira;22121209;STRIPE BRASIL SOLUCOES DE PAGAMENTO INSTITUICAO DE PAGAMENTO LTDA; ;0;2;2;4;74; ;74
2022;4;Demais Bancos, Financeiras e Instituies de Pagamento;Conglomerado; ;SUMUP (conglomerado); ;10;5;5;20;113;0;113
2022;4;Demais Bancos, Financeiras e Instituies de Pagamento;Banco/financeira;30980539;U4C INSTITUIO DE PAGAMENTO S.A.; ;3;4;0;7;0;0;0
2022;4;Demais Bancos, Financeiras e Instituies de Pagamento;Banco/financeira;05192316;VIA CERTA FINANCIADORA S.A. - CRDITO, FINANCIAMENTO E INVESTIMENTOS; ;2;3;3;8;467431;17124;455695
2022;4;Demais Bancos, Financeiras e Instituies de Pagamento;Conglomerado; ;VOITER (conglomerado); ;1;1;1;3;265635;15548;250495
2022;4;Demais Bancos, Financeiras e Instituies de Pagamento;Conglomerado; ;VOLKSWAGEN (conglomerado); ;14;25;45;84;325412;288;325256
2022;4;Top 15 - Bancos, Financeiras e Instituies de Pagamento;Conglomerado; ;VOTORANTIM (conglomerado);13,05;190;200;138;528;14551717;10657305;5428595
2022;4;Demais Bancos, Financeiras e Instituies de Pagamento;Conglomerado; ;VR (conglomerado); ;0;2;0;2;77;60;18
2022;4;Demais Bancos, Financeiras e Instituies de Pagamento;Conglomerado; ;WESTERN UNION (conglomerado); ;5;4;0;9;1;1; 
2022;4;Demais Bancos, Financeiras e Instituies de Pagamento;Conglomerado; ;WILL (conglomerado);36,34;134;87;59;280;3686960;3686960; 
2022;4;Demais Bancos, Financeiras e Instituies de Pagamento;Conglomerado; ;XP (conglomerado);85,29;118;30;19;167;1383442;1351319;754933
2022;4;Demais Bancos, Financeiras e Instituies de Pagamento;Conglomerado; ;YAMAHA MOTOR (conglomerado); ;1;6;5;12;191613;172;191464;